ID,Platform,Community,Thread title,URL,Date if available,Topic,Why relevant,Expected VOC categories,Quality score,Notes
C001,Reddit,r/40PlusSkinCare,Share your best skin care routine for body (not face),https://www.reddit.com/r/40PlusSkinCare/comments/1q7st6w/share_your_best_skin_care_routine_for_body_not/,2026-01-09,Body (not face) routine from scratch,"Neglected body skin, scented lotions ""don't actually moisturize"", detailed routines","Problem description; Routines / application habits; Attempted solutions / product experiences; Purchase criteria (texture, absorption, scent, price); Objections / side effects / skepticism",5,"U.S. retail (Ulta, TJ Maxx, Costco); no explicit ages; Comments/replies retrieved: 33"
C002,Reddit,r/40PlusSkinCare,How are you keeping crepey legs at bay?,https://www.reddit.com/r/40PlusSkinCare/comments/1tcgl5d/how_are_you_keeping_crepey_legs_at_bay/,2026-05-13,Preventing crepey legs (50s+),"Core problem language (""crepey, old-people-legs""); many product/routine replies (AmLactin, retinol)",Problem description; Desired outcomes; Attempted solutions / product experiences; Routines / application habits; Emotional impact,5,Ages 50/52 stated in thread; heavy AmLactin/Gold Bond mentions; many short replies; Comments/replies retrieved: 96
C003,Reddit,r/40PlusSkinCare,WTF is going on with my skin?! I’m freaking out and so upset. It’s it’s just aging/crepey skin?!,https://www.reddit.com/r/40PlusSkinCare/comments/1txwn4j/wtf_is_going_on_with_my_skin_im_freaking_out_and/,2026-06-05,Sudden striation lines on arms/legs/stomach at 40,Highly emotional first-person onset story; many 40-62 replies sharing same change,Problem description; Emotional impact; Age / menopause context; Attempted solutions / product experiences,5,Ages 40-62 stated; partly brow area but mainly body; Comments/replies retrieved: 94
C004,Reddit,r/40PlusSkinCare,Loose skin and cellulite on my thighs,https://www.reddit.com/r/40PlusSkinCare/comments/1up42v2/loose_skin_and_cellulite_on_my_thighs/,2026-07-06,Loose bumpy thigh skin at 42,"Sudden body-skin change, emotional reaction, many ages 40-67 sharing experience",Problem description; Emotional impact; Attempted solutions / product experiences; Desired outcomes; Age / menopause context,5,Ages 42-67 stated; texture vs. cellulite overlap; Comments/replies retrieved: 94
C005,Reddit,r/40PlusSkinCare,What’s the ultimate anti aging body care routine? I’ll go first,https://www.reddit.com/r/40PlusSkinCare/comments/1wm2fzu/whats_the_ultimate_anti_aging_body_care_routine/,2026-09-21,Anti-aging body care routines,"Members share whole-body routines; crepey skin, retinol/AmLactin, price objections","Routines / application habits; Attempted solutions / product experiences; Purchase criteria (texture, absorption, scent, price); Objections / side effects / skepticism; Desired outcomes",5,"Ages 42/57/50 stated; U.S. retail signals (Costco, Trader Joe's); Comments/replies retrieved: 76"
C006,Reddit,r/40PlusSkinCare,Paper thin skin on hands,https://www.reddit.com/r/40PlusSkinCare/comments/1sp6sba/paper_thin_skin_on_hands/,2026-04-18,Paper-thin dry skin on hands after peri onset,"""Lost every bit of collagen overnight""; whole-body thinning/dryness; HRT didn't help hands",Problem description; Emotional impact; Age / menopause context; Attempted solutions / product experiences,4,OP 43; Perimenopause onset narrative; Comments/replies retrieved: 35
C007,Reddit,r/40PlusSkinCare,Best Retinol body lotion?,https://www.reddit.com/r/40PlusSkinCare/comments/1ulxa50/best_retinol_body_lotion/,2026-07-02,Best retinol body lotion,"Product comparisons for arms/legs; absorption, price, results","Attempted solutions / product experiences; Purchase criteria (texture, absorption, scent, price); Routines / application habits",4,"No ages; U.S. retail (Costco, Walgreens); Comments/replies retrieved: 66"
C008,Reddit,r/40PlusSkinCare,I feel like my body doesn’t absorb moisturizer and it just sits on top of my skin - recs?,https://www.reddit.com/r/40PlusSkinCare/comments/1um2cf3/i_feel_like_my_body_doesnt_absorb_moisturizer_and/,2026-07-03,Moisturizer sits on top of skin,Absorption problem in first person; product recs,"Problem description; Purchase criteria (texture, absorption, scent, price); Attempted solutions / product experiences",4,No ages; Comments/replies retrieved: 35
C009,Reddit,r/40PlusSkinCare,Lactic Acid body lotions that smell nice,https://www.reddit.com/r/40PlusSkinCare/comments/1v0ikmh/lactic_acid_body_lotions_that_smell_nice/,2026-07-19,Lactic-acid body lotions - scent/allergy,"Scent objection (""pee smell""), hives reaction, alternatives sought","Purchase criteria (texture, absorption, scent, price); Objections / side effects / skepticism; Attempted solutions / product experiences",4,No ages; U.S. retail (Costco); Comments/replies retrieved: 68
C010,Reddit,r/40PlusSkinCare,Slowing down the inevitable crepey/saggy skin above the knees?,https://www.reddit.com/r/40PlusSkinCare/comments/1vhn81h/slowing_down_the_inevitable_crepeysaggy_skin/,2026-08-07,Crepey/saggy skin above knees,Topical-only body routine requests for knees; texture/firmness outcome language,Problem description; Desired outcomes; Attempted solutions / product experiences; Routines / application habits,4,"Age 60 mentioned; OP explicitly ""skincare only, no treatments""; Comments/replies retrieved: 80"
C011,Reddit,r/40PlusSkinCare,Body lotion with immediate absorption,https://www.reddit.com/r/40PlusSkinCare/comments/1w9jz9t/body_lotion_with_immediate_absorption/,2026-09-07,Fast-absorbing body lotion for morning,Absorption/dress-quickly purchase criterion; application timing (post-shower),"Purchase criteria (texture, absorption, scent, price); Routines / application habits; Attempted solutions / product experiences",4,One NHS mention (non-U.S. commenter possible); Comments/replies retrieved: 44
C012,Reddit,r/40PlusSkinCare,Body care?,https://www.reddit.com/r/40PlusSkinCare/comments/1l0ghxp/body_care/,2025-06-01,Proactive body care routine (46),Neglected body vs face framing; desire for preventive body products,Desired outcomes; Attempted solutions / product experiences; Routines / application habits,3,Age 46; Comments/replies retrieved: 20
C013,Reddit,r/40PlusSkinCare,My body exfoliating routine gives me soft skin except my lower legs where it always feels scaly and gross. Are there any miracle products or routines out there? I'll include my routine inside.,https://www.reddit.com/r/40PlusSkinCare/comments/1oblvzz/my_body_exfoliating_routine_gives_me_soft_skin/,2025-10-20,Scaly lower legs despite body exfoliation routine,Detailed first-person body routine; persistent rough/scaly shins; urea suggestions,Problem description; Attempted solutions / product experiences; Routines / application habits,3,No age stated; same OP as 1of23y5; Comments/replies retrieved: 14
C014,Reddit,r/40PlusSkinCare,Body Lotion Suggestion,https://www.reddit.com/r/40PlusSkinCare/comments/1q1hxtb/body_lotion_suggestion/,2026-01-01,Body lotion choice at 65,"65F comparing Aveeno/CeraVe/Cetaphil; ""gluey"" texture objection","Purchase criteria (texture, absorption, scent, price); Attempted solutions / product experiences",3,OP 65/F; Comments/replies retrieved: 16
C015,Reddit,r/40PlusSkinCare,What’s our opinion on oil?,https://www.reddit.com/r/40PlusSkinCare/comments/1rt9v2q/whats_our_opinion_on_oil/,2026-03-14,Opinions on DIY oils for face/body,"Attitudes toward oils (pro-oil vs ""professionally formulated""; tallow rejection)","Objections / side effects / skepticism; Purchase criteria (texture, absorption, scent, price); Attempted solutions / product experiences",3,Mostly facial context - oil-category attitudes transferable; flag; Comments/replies retrieved: 42
C016,Reddit,r/40PlusSkinCare,Amlactin works on crepey neck. Thank you,https://www.reddit.com/r/40PlusSkinCare/comments/1s2225s/amlactin_works_on_crepey_neck_thank_you/,2026-03-24,AmLactin on crepey neck,"Before/after topical success story, many replies on lactic acid use",Attempted solutions / product experiences; Desired outcomes; Routines / application habits,3,"Neck (body-adjacent); possible brand enthusiasm, not seeding signal; ages 39/73; Comments/replies retrieved: 91"
C017,Reddit,r/40PlusSkinCare,Summer legs : moisture and bronze without smell,https://www.reddit.com/r/40PlusSkinCare/comments/1s618gn/summer_legs_moisture_and_bronze_without_smell/,2026-03-28,"Moisturized, bronzed summer legs without smell",Showing legs in sundresses; scent objection to self-tanners; moisturizing+glow products,"Desired outcomes; Purchase criteria (texture, absorption, scent, price); Attempted solutions / product experiences",3,"15 comments; U.S. retail (CVS, Walgreens); Comments/replies retrieved: 15"
C018,Reddit,r/40PlusSkinCare,Non Sticky Body Lotion,https://www.reddit.com/r/40PlusSkinCare/comments/1t9ldxt/non_sticky_body_lotion/,2026-05-10,Non-sticky body lotion,"Stickiness objection, morning-shower routine; one reply mixes body oil+toner","Purchase criteria (texture, absorption, scent, price); Objections / side effects / skepticism; Attempted solutions / product experiences; Routines / application habits",3,At least one 19-year-old commenter; mixed ages; Comments/replies retrieved: 38
C019,Reddit,r/40PlusSkinCare,The best body lotion in my 40 years,https://www.reddit.com/r/40PlusSkinCare/comments/1tj4xhm/the_best_body_lotion_in_my_40_years/,2026-05-21,Urea body lotion experience,First-person product discovery story; texture/softness outcome,"Attempted solutions / product experiences; Purchase criteria (texture, absorption, scent, price); Desired outcomes",3,Brand-praise thread (Eucerin urea) - check for seeding; no age stated; Comments/replies retrieved: 32
C020,Reddit,r/40PlusSkinCare,Gold Bond Crepe Corrector causes itchy rash,https://www.reddit.com/r/40PlusSkinCare/comments/1ujsino/gold_bond_crepe_corrector_causes_itchy_rash/,2026-06-30,Crepe-corrector irritation,Side-effect/objection language on crepe-specific product; fear of reactions,Objections / side effects / skepticism; Attempted solutions / product experiences,3,Applied on neck (body-adjacent); 12 comments; sensitivity signals; Comments/replies retrieved: 12
C021,Reddit,r/40PlusSkinCare,Crepey skin- help!,https://www.reddit.com/r/40PlusSkinCare/comments/1uxgoxd/crepey_skin_help/,2026-07-15,Crepey neck lines after GLP-1 weight loss,Self-conscious language; topical vs procedure discussion,Problem description; Emotional impact; Attempted solutions / product experiences,3,Neck-focused (body-adjacent); GLP-1/weight-loss confounder; age 43-57; Comments/replies retrieved: 64
C022,Reddit,r/40PlusSkinCare,Miracle product?!,https://www.reddit.com/r/40PlusSkinCare/comments/1wncimu/miracle_product/,2026-09-22,"AmLactin ""miracle"" on crepey neck at 43",Success story plus over-use peeling/rash cautions,Attempted solutions / product experiences; Desired outcomes; Objections / side effects / skepticism,3,Neck (body-adjacent); ages 43-46; Comments/replies retrieved: 97
C023,Reddit,r/45PlusSkincare,Best body oil,https://www.reddit.com/r/45PlusSkincare/comments/190412g/best_body_oil/,2024-01-06,Best body oil - affordable alternative to OSEA (45+),"Age-gated body-oil category thread: price objection to premium oil, ~55 replies naming oils, scents, sizes","Attempted solutions / product experiences; Purchase criteria (texture, absorption, scent, price); Objections / side effects / skepticism; Routines / application habits",5,"r/45PlusSkincare; U.S. retail (Costco, Trader Joe's); competitor context (OSEA, Neutrogena Sesame); Comments/replies retrieved: 55"
C024,Reddit,r/45PlusSkincare,Severe crepey arm skin!!!,https://www.reddit.com/r/45PlusSkincare/comments/1dldr06/severe_crepey_arm_skin/,2024-06-21,Severe crepey forearm skin at 63,"""Alligator skin"" onset; avoids short sleeves; retinol not working; ~90 replies incl. nutrition/strength",Problem description; Emotional impact; Attempted solutions / product experiences; Objections / side effects / skepticism; Age / menopause context,5,r/45PlusSkincare; ages 52-64; Comments/replies retrieved: 93
C025,Reddit,r/45PlusSkincare,Very Dry skin-whole body moisturizer help needed.,https://www.reddit.com/r/45PlusSkincare/comments/1en6t65/very_dry_skinwhole_body_moisturizer_help_needed/,2024-08-08,Whole-body moisturizer for mature very dry skin,"""Dragon scales"" legs; outgrown Bath & Body Works; asks about mitt + oil routine; 77 replies","Problem description; Attempted solutions / product experiences; Routines / application habits; Purchase criteria (texture, absorption, scent, price)",5,"r/45PlusSkincare; U.S. retail (Ulta, Target); Comments/replies retrieved: 77"
C026,Reddit,r/45PlusSkincare,DO NOT USE Gold Bond Crepe corrector. Who got a full body rash/hives?,https://www.reddit.com/r/45PlusSkincare/comments/1gz99xt/do_not_use_gold_bond_crepe_corrector_who_got_a/,2024-11-25,Gold Bond Crepe Corrector rash/hives,Strong objection/adverse-reaction thread; reformulation suspicion; counterfeit worry; ~90 replies,"Objections / side effects / skepticism; Attempted solutions / product experiences; Purchase criteria (texture, absorption, scent, price); Emotional impact",5,"r/45PlusSkincare; U.S. retail (Target, Walmart); Comments/replies retrieved: 92"
C027,Reddit,r/45PlusSkincare,Best cream for crepey skin?,https://www.reddit.com/r/45PlusSkincare/comments/1ll5c8n/best_cream_for_crepey_skin/,2025-06-26,"Best cream for crepey ""granny hands and arms"" at 53",~100 replies; derm said no to tretinoin; topical alternatives,"Problem description; Attempted solutions / product experiences; Routines / application habits; Purchase criteria (texture, absorption, scent, price)",5,r/45PlusSkincare; OP 53; U.S. retail (Costco); Comments/replies retrieved: 98
C028,Reddit,r/45PlusSkincare,Drop your middle-aged skin routines for crepey/dry skin!,https://www.reddit.com/r/45PlusSkincare/comments/1q30h9u/drop_your_middleaged_skin_routines_for_crepeydry/,2026-01-03,Middle-aged routines for crepey/dry hands and legs,"51-year-old with ""the worst crepey skin""; budget routines; overwhelm with routine complexity","Problem description; Routines / application habits; Attempted solutions / product experiences; Purchase criteria (texture, absorption, scent, price); Emotional impact",5,r/45PlusSkincare; ages 45-72; Texas OP (U.S.); Comments/replies retrieved: 46
C029,Reddit,r/45PlusSkincare,What are we doing about desert shins?,https://www.reddit.com/r/45PlusSkincare/comments/1tk4zmu/what_are_we_doing_about_desert_shins/,2026-05-22,"Scaly ""desert shins""",Nothing absorbs even oil on damp skin; self-conscious in shorts; urea success update,Problem description; Emotional impact; Attempted solutions / product experiences; Objections / side effects / skepticism; Desired outcomes,5,r/45PlusSkincare; AmLactin smell objection in replies; Comments/replies retrieved: 67
C030,Reddit,r/45PlusSkincare,Crepey skin on hands,https://www.reddit.com/r/45PlusSkincare/comments/1ufeafm/crepey_skin_on_hands/,2026-06-25,Crepey hands started 6 months ago,"""Horror of my hands"", hands look 10 years older than face; ~100 replies",Problem description; Emotional impact; Attempted solutions / product experiences; Routines / application habits,5,r/45PlusSkincare; ages 43-65; Comments/replies retrieved: 99
C031,Reddit,r/45PlusSkincare,Best products for crepey arms and neck? Creams don't work for me,https://www.reddit.com/r/45PlusSkincare/comments/1vr68n7/best_products_for_crepey_arms_and_neck_creams/,2026-08-17,Creams don't work for crepey arms (65),Tried 5-6 creams for months incl. crepe corrector; covering arms; skepticism about the category,Problem description; Emotional impact; Objections / side effects / skepticism; Attempted solutions / product experiences; Age / menopause context,5,"r/45PlusSkincare; OP 65; OP text unusually polished and never replies - low-level seeding/market-research flag, no product pushed; Comments/replies retrieved: 84"
C032,Reddit,r/45PlusSkincare,ISO suggestions for a body moisturizer or dry oil,https://www.reddit.com/r/45PlusSkincare/comments/1bsuuc2/iso_suggestions_for_a_body_moisturizer_or_dry_oil/,2024-04-01,Body moisturizer or dry oil for crepey legs/arms (menopause),Menopause-onset crepey limbs; Gold Bond crepe corrector/retinol praise,"Problem description; Attempted solutions / product experiences; Purchase criteria (texture, absorption, scent, price)",4,r/45PlusSkincare; age 67 mentioned; Comments/replies retrieved: 55
C033,Reddit,r/45PlusSkincare,Crepey arms!,https://www.reddit.com/r/45PlusSkincare/comments/1iyuher/crepey_arms/,2025-02-26,Crepey arms at 56,Short-sleeve avoidance; Miami MD failure; serum price objection,"Problem description; Emotional impact; Attempted solutions / product experiences; Objections / side effects / skepticism; Purchase criteria (texture, absorption, scent, price)",4,r/45PlusSkincare; ages 56-76; Comments/replies retrieved: 24
C034,Reddit,r/45PlusSkincare,What are we doing for the rest of our bodies?,https://www.reddit.com/r/45PlusSkincare/comments/1l6fyeh/what_are_we_doing_for_the_rest_of_our_bodies/,2025-06-08,What 45+ women use on the rest of their bodies,"Age-gated body-care routines (décolletage, feet, knees, elbows); repurposing face products","Routines / application habits; Attempted solutions / product experiences; Purchase criteria (texture, absorption, scent, price)",4,"r/45PlusSkincare (age-gated, not in VOC1 map); OP age 55; Comments/replies retrieved: 47"
C035,Reddit,r/45PlusSkincare,"Boobs and butt are extremely dry. What is you favorite body mosturizer for extremely dry, parched skin?",https://www.reddit.com/r/45PlusSkincare/comments/1om0w2h/boobs_and_butt_are_extremely_dry_what_is_you/,2025-11-01,Extremely dry breasts/butt - unscented moisturizer,Unscented/light-scent purchase criterion; post-shower application,"Problem description; Purchase criteria (texture, absorption, scent, price); Attempted solutions / product experiences; Routines / application habits",4,"r/45PlusSkincare; U.S. retail (Target, Walmart, CVS); Comments/replies retrieved: 50"
C036,Reddit,r/45PlusSkincare,"Is this normal skin aging for a 45-year-old woman? What can I do about this crepey, wrinkly skin?",https://www.reddit.com/r/45PlusSkincare/comments/1ra27x6/is_this_normal_skin_aging_for_a_45yearold_woman/,2026-02-20,Is this normal crepey skin aging at 45?,~100 replies from 42-58-year-olds on crepey/wrinkly skin normalcy and remedies,Problem description; Emotional impact; Attempted solutions / product experiences; Age / menopause context,4,r/45PlusSkincare; OP is image-only (body area not stated in text); Comments/replies retrieved: 97
C037,Reddit,r/45PlusSkincare,Crepey flabby arms,https://www.reddit.com/r/45PlusSkincare/comments/1t3bujh/crepey_flabby_arms/,2026-05-04,"Sudden flabby crepey ""old lady arms""",Desire to hide arms before short-sleeve season; OTC routines,Problem description; Emotional impact; Attempted solutions / product experiences; Routines / application habits,4,r/45PlusSkincare; first reply deleted; Comments/replies retrieved: 52
C038,Reddit,r/45PlusSkincare,Retinol Body Lotion or Serum,https://www.reddit.com/r/45PlusSkincare/comments/1uug4wz/retinol_body_lotion_or_serum/,2026-07-12,Retinol body lotion results for sudden crepey texture,Price-vs-results criterion; AmLactin odor/stickiness objection,"Attempted solutions / product experiences; Purchase criteria (texture, absorption, scent, price); Objections / side effects / skepticism; Problem description",4,r/45PlusSkincare; Comments/replies retrieved: 88
C039,Reddit,r/45PlusSkincare,Body firming,https://www.reddit.com/r/45PlusSkincare/comments/1o6x48x/body_firming/,2025-10-15,Body firming for thighs/stomach/booty,"""Saggy mush"", wants collagen bounce not muscle; lifestyle remedies",Problem description; Desired outcomes; Emotional impact; Attempted solutions / product experiences,3,r/45PlusSkincare; age 49; 16 comments; Comments/replies retrieved: 16
C040,Reddit,r/30PlusSkinCare,Over 40s gang who neglected the skin on your bodies. What are you doing for it now that works?,https://www.reddit.com/r/30PlusSkinCare/comments/otvj5z/over_40s_gang_who_neglected_the_skin_on_your/,2021-07-29,Over-40s who neglected body skin,Crepey tummy/side/feet; self-conscious; what works now,Problem description; Emotional impact; Attempted solutions / product experiences; Routines / application habits; Desired outcomes,5,Ages 40-51 stated; 2021; Comments/replies retrieved: 97
C041,Reddit,r/30PlusSkinCare,How to get rid of crepey skin on hands?,https://www.reddit.com/r/30PlusSkinCare/comments/1220dq7/how_to_get_rid_of_crepey_skin_on_hands/,2023-03-25,Crepey skin on hands,100 replies; exfoliate+moisturize routines; ages 44-57 share results,Problem description; Attempted solutions / product experiences; Routines / application habits; Desired outcomes,5,Hands; ages 33-57 stated; Comments/replies retrieved: 100
C042,Reddit,r/30PlusSkinCare,What are we doing for body anti-aging?,https://www.reddit.com/r/30PlusSkinCare/comments/1buobyb/what_are_we_doing_for_body_antiaging/,2024-04-03,Stepping up body anti-aging care,"~100 replies with body oil after shower, exfoliation, retinol, lifestyle; very routine-rich","Routines / application habits; Attempted solutions / product experiences; Desired outcomes; Purchase criteria (texture, absorption, scent, price)",5,Ages not stated (30PlusSkinCare); first-person body oil praise; Comments/replies retrieved: 97
C043,Reddit,r/30PlusSkinCare,Crepe paper hands,https://www.reddit.com/r/30PlusSkinCare/comments/1trzqv3/crepe_paper_hands/,2026-05-30,Crepey back-of-hands onset at 40,"Sudden-onset narrative (""overnight""), disgust language, many replies on hand care",Problem description; Emotional impact; Attempted solutions / product experiences; Routines / application habits,5,Ages 35-50 stated; hands only; Comments/replies retrieved: 87
C044,Reddit,r/30PlusSkinCare,What is everyone using…on the rest of their skin these days?,https://www.reddit.com/r/30PlusSkinCare/comments/okek8z/what_is_everyone_usingon_the_rest_of_their_skin/,2021-07-14,What people use on the rest of their skin,Itchy dry arms/legs post-shower; detailed body-care regimens incl. oils,"Problem description; Attempted solutions / product experiences; Routines / application habits; Purchase criteria (texture, absorption, scent, price)",4,2021; ages not stated; U.S. retail; Comments/replies retrieved: 54
C045,Reddit,r/30PlusSkinCare,"There are tons of posts regarding facial skin but what are y’all doing to prevent signs of aging on your body? I was debating laser treatments to my chest, shoulders and arms.",https://www.reddit.com/r/30PlusSkinCare/comments/u85cdr/there_are_tons_of_posts_regarding_facial_skin_but/,2022-04-20,"Preventing body aging (chest, shoulders, arms)",Body-specific prevention routines; lotion right out of shower; objections to sun/heat rules,Routines / application habits; Attempted solutions / product experiences; Objections / side effects / skepticism; Desired outcomes,4,2022; ages not stated; some laser talk; Comments/replies retrieved: 51
C046,Reddit,r/30PlusSkinCare,Are anti-aging BODY skincare products actually worth investing in? And if so what brand do you reccomend that is not too pricey?,https://www.reddit.com/r/30PlusSkinCare/comments/uaj9oo/are_antiaging_body_skincare_products_actually/,2022-04-24,Are anti-aging body products worth it?,Skepticism vs. value debate on body products; budget sensitivity,"Objections / side effects / skepticism; Purchase criteria (texture, absorption, scent, price); Attempted solutions / product experiences; Routines / application habits",4,Ages 35/48 mentioned; 2022; Comments/replies retrieved: 44
C047,Reddit,r/30PlusSkinCare,Tips on avoiding shitty thin skin in 70s,https://www.reddit.com/r/30PlusSkinCare/comments/17w7jhl/tips_on_avoiding_shitty_thin_skin_in_70s/,2023-11-15,Avoiding thin fragile skin later in life,45-55 OP noticing less elastic arm skin; prevention routines,Problem description; Desired outcomes; Attempted solutions / product experiences; Routines / application habits,4,OP gender not stated (mentions father); ages 40-60 in thread; Comments/replies retrieved: 97
C048,Reddit,r/30PlusSkinCare,I take care of the skin on my face…. But what about the skin on the rest of my body?,https://www.reddit.com/r/30PlusSkinCare/comments/1foyjjd/i_take_care_of_the_skin_on_my_face_but_what_about/,2024-09-25,Body routine for moisturizing/firming/anti-aging,"Explicit desired outcomes (moisturizing, firming, anti-aging) for body; routines shared",Desired outcomes; Routines / application habits; Attempted solutions / product experiences,4,Age 40 mentioned; some off-topic diet replies; Comments/replies retrieved: 35
C049,Reddit,r/30PlusSkinCare,Affordable body exfoliating technique pre-menopause?,https://www.reddit.com/r/30PlusSkinCare/comments/1i4munm/affordable_body_exfoliating_technique_premenopause/,2025-01-19,Leg/arm skin won't exfoliate (35+ only),OP restricts to 35+; peeling legs; mitt + jojoba/body oil on wet skin replies,"Problem description; Attempted solutions / product experiences; Routines / application habits; Purchase criteria (texture, absorption, scent, price)",4,Ages 38-54; budget focus; CVS; Comments/replies retrieved: 36
C050,Reddit,r/30PlusSkinCare,Stupid question time. Body oil vs lotion. Is there s difference in why to use one or the other?,https://www.reddit.com/r/30PlusSkinCare/comments/1l79u92/stupid_question_time_body_oil_vs_lotion_is_there/,2025-06-09,Body oil vs lotion - differences,"Experience-based oil vs lotion debate in dry climate; oil ""doesn't soak in"" objection","Purchase criteria (texture, absorption, scent, price); Objections / side effects / skepticism; Routines / application habits; Attempted solutions / product experiences",4,Ages not stated; desert climate (U.S. Southwest implied by monsoon); Comments/replies retrieved: 30
C051,Reddit,r/30PlusSkinCare,Post shower: Body Oil or Lotion/Cream?,https://www.reddit.com/r/30PlusSkinCare/comments/1n721qj/post_shower_body_oil_or_lotioncream/,2025-09-03,Post-shower body oil vs lotion,Gen X OP rotating oils/butters/lotions; layering on damp skin,"Routines / application habits; Attempted solutions / product experiences; Purchase criteria (texture, absorption, scent, price)",4,OP self-identifies as Gen X (approx. 45-60); Comments/replies retrieved: 39
C052,Reddit,r/30PlusSkinCare,Does anyone use body oil instead of lotion? What brand is good?,https://www.reddit.com/r/30PlusSkinCare/comments/1oz5er4/does_anyone_use_body_oil_instead_of_lotion_what/,2025-11-17,Body oil instead of lotion,"Many first-person body-oil experiences, brands, oil+lotion layering","Attempted solutions / product experiences; Routines / application habits; Purchase criteria (texture, absorption, scent, price); Desired outcomes",4,"30PlusSkinCare - ages not stated; U.S. retail (Trader Joe's, Target); Comments/replies retrieved: 94"
C053,Reddit,r/30PlusSkinCare,Has anyone found a retinol body oil that they like? Suggestions?,https://www.reddit.com/r/30PlusSkinCare/comments/okn0y7/has_anyone_found_a_retinol_body_oil_that_they/,2021-07-15,Retinol body oil recommendations,46-year-old seeking retinol in oil format for décolletage/body; DIY oil blends,"Attempted solutions / product experiences; Purchase criteria (texture, absorption, scent, price); Routines / application habits",3,2021; age 46; 13 comments; Comments/replies retrieved: 13
C054,Reddit,r/30PlusSkinCare,Anti-aging body care,https://www.reddit.com/r/30PlusSkinCare/comments/1dcwq43/antiaging_body_care/,2024-06-10,Body skin looks older than face (40),Hands/legs/chest aging; body oil + glycolic routines,Problem description; Attempted solutions / product experiences; Routines / application habits,3,OP age 40; 19 comments; Comments/replies retrieved: 19
C055,Reddit,r/30PlusSkinCare,Urea/Amlactin hacks?,https://www.reddit.com/r/30PlusSkinCare/comments/1v27086/ureaamlactin_hacks/,2026-07-21,Tacky texture of urea/AmLactin on legs,"Texture objection (""makes me feel dirty""), workaround via body oil/lotion layering, wet-skin application","Objections / side effects / skepticism; Purchase criteria (texture, absorption, scent, price); Routines / application habits; Attempted solutions / product experiences",3,12 comments; age not stated; Comments/replies retrieved: 12
C056,Reddit,r/Menopause,"If it's not ok to post this please remove. But my skin is so dry it is cracking off! Does anyone have any suggestions, my legs look like alligator skin! Anyone else?",https://www.reddit.com/r/Menopause/comments/ztf40g/if_its_not_ok_to_post_this_please_remove_but_my/,2022-12-23,"Whole-body dryness, ""alligator"" legs","Strong emotional language (""old lady legs""); ~100 replies with routines/products; dismissive of younger skincare subs","Problem description; Emotional impact; Attempted solutions / product experiences; Routines / application habits; Purchase criteria (texture, absorption, scent, price)",5,"2022; U.S. retail (Ulta, Target, CVS); Comments/replies retrieved: 96"
C057,Reddit,r/Menopause,My hands and arms have suddenly become crepey,https://www.reddit.com/r/Menopause/comments/1fd0h17/my_hands_and_arms_have_suddenly_become_crepey/,2024-09-09,Hands/arms suddenly crepey post-menopause,"Post-menopausal rant; ""lotion does nothing""; many women share products and HRT experience",Problem description; Emotional impact; Attempted solutions / product experiences; Objections / side effects / skepticism; Age / menopause context,5,Menopause context; U.S. retail (Costco); HRT-heavy replies; Comments/replies retrieved: 89
C058,Reddit,r/Menopause,What happened to my arms?,https://www.reddit.com/r/Menopause/comments/1hvpiqd/what_happened_to_my_arms/,2025-01-07,Arms changed almost overnight at 48 (peri),"Grief over losing firm arms; loose/bumpy texture; 100 replies, ages 40-70",Problem description; Emotional impact; Age / menopause context; Attempted solutions / product experiences,5,Strength-training heavy in replies; menopause context; Comments/replies retrieved: 100
C059,Reddit,r/Menopause,Crepe skin,https://www.reddit.com/r/Menopause/comments/1lwrmvw/crepe_skin/,2025-07-10,What to do for crepey skin (on HRT),Tried Gold Bond/AmLactin; 74yo mother's arms comparison; acceptance vs. action debate,Problem description; Attempted solutions / product experiences; Objections / side effects / skepticism; Emotional impact; Age / menopause context,5,Ages 48-74 stated; menopause context; Comments/replies retrieved: 98
C060,Reddit,r/Menopause,Bad case of the aging body blues.,https://www.reddit.com/r/Menopause/comments/g67x94/bad_case_of_the_aging_body_blues/,2020-04-22,Aging body blues,"Emotional grief about body change (""old person's body""), ages 41-57",Emotional impact; Age / menopause context; Problem description,4,2020; overall body (weight/shape) as much as skin; Comments/replies retrieved: 64
C061,Reddit,r/Menopause,"Women over 50, what do you use for skin care?",https://www.reddit.com/r/Menopause/comments/10h8dgw/women_over_50_what_do_you_use_for_skin_care/,2023-01-20,"Women over 50 - skincare for crepey skin, neck",50+ women share full regimens (100 replies); crepey skin named as onset problem,Problem description; Attempted solutions / product experiences; Routines / application habits; Emotional impact; Age / menopause context,4,"Mostly face/neck; some body; ages 48-55 stated; facial-dominant - transferable, flag; Comments/replies retrieved: 100"
C062,Reddit,r/Menopause,Never-ending Battle with Dry Skin - Goat Milk Soap?,https://www.reddit.com/r/Menopause/comments/10p4w6s/neverending_battle_with_dry_skin_goat_milk_soap/,2023-01-30,Never-ending battle with body dryness,Long moisturizing routine burden; body wash/butter swaps,"Problem description; Routines / application habits; Attempted solutions / product experiences; Purchase criteria (texture, absorption, scent, price)",4,Menopause sub; 2023; Comments/replies retrieved: 44
C063,Reddit,r/Menopause,"Dry, flaky skin, anyone?",https://www.reddit.com/r/Menopause/comments/1bzw7lc/dry_flaky_skin_anyone/,2024-04-09,Lower legs suddenly flaking,"Vivid flake/disgust language (""is it snowing in here""); remedies",Problem description; Emotional impact; Attempted solutions / product experiences,4,Menopause context; U.S. retail (Walmart); Comments/replies retrieved: 37
C064,Reddit,r/Menopause,Lizard skin!!,https://www.reddit.com/r/Menopause/comments/1d2qhua/lizard_skin/,2024-05-28,Lizard skin - extreme arm/leg dryness,"Wants a ""dry"", instantly absorbing moisturizer; detailed routine","Problem description; Purchase criteria (texture, absorption, scent, price); Routines / application habits; Attempted solutions / product experiences",4,Menopause sub; ages not stated; Comments/replies retrieved: 32
C065,Reddit,r/Menopause,Super dry skin on legs,https://www.reddit.com/r/Menopause/comments/1ka0x6t/super_dry_skin_on_legs/,2025-04-28,Super dry shins,"Shin dryness, natural oil preference, scent objection (coconut)","Problem description; Attempted solutions / product experiences; Purchase criteria (texture, absorption, scent, price)",4,Menopause sub; ages not stated; Comments/replies retrieved: 41
C066,Reddit,r/Menopause,Shiny legs and arms and no hair anymore,https://www.reddit.com/r/Menopause/comments/1nt3nlq/shiny_legs_and_arms_and_no_hair_anymore/,2025-09-29,"Thin, shiny, papery shin/forearm skin","Fearful first-person description (""papery old person skin""); HRT discussion",Problem description; Emotional impact; Age / menopause context,4,HRT/hair-loss heavy; contextual; Comments/replies retrieved: 67
C067,Reddit,r/Menopause,Itchy skin,https://www.reddit.com/r/Menopause/comments/1d3lf3m/itchy_skin/,2024-05-29,Dry itchy arms/legs,Layering advice: shower oil + body oil + moisturiser; itch distress,Problem description; Attempted solutions / product experiences; Routines / application habits,3,Itch may be symptom-driven (medical overlap); Comments/replies retrieved: 26
C068,Reddit,r/Menopause,Did anyone cure the dry skin with HRT?,https://www.reddit.com/r/Menopause/comments/1jocpbh/did_anyone_cure_the_dry_skin_with_hrt/,2025-03-31,Did HRT cure dry skin?,HRT vs topical experiences; all-over oil-in-shower routine in replies,Age / menopause context; Attempted solutions / product experiences; Routines / application habits,3,Title-only OP; Canadian commenter (non-U.S. signal); 16 comments; age 61 stated; Comments/replies retrieved: 16
C069,Reddit,r/Menopause,Why is everything just drying up?,https://www.reddit.com/r/Menopause/comments/1kkbxtg/why_is_everything_just_drying_up/,2025-05-11,Everything drying up in mid-40s,Vivid whole-body dryness/crepey/itchy rant; emotional framing,Emotional impact; Problem description; Age / menopause context,3,Mostly vaginal/hair/general dryness; body-skin a minority of thread; Comments/replies retrieved: 93
C070,Reddit,r/Menopause,Anyone notice their skin getting less crepey while on HT?,https://www.reddit.com/r/Menopause/comments/1l9q1e2/anyone_notice_their_skin_getting_less_crepey/,2025-06-12,Does HRT reduce crepey skin?,First-person HRT skin experiences incl. body elasticity,Age / menopause context; Desired outcomes; Problem description,3,Medical/HRT-dominant; contextual only; face often referenced; Comments/replies retrieved: 97
C071,Reddit,r/Menopause,Dry skin,https://www.reddit.com/r/Menopause/comments/1n0taq6/dry_skin/,2025-08-26,Lotions/oils for menopausal dry skin,"Oil+lotion ""too greasy"" objection; post-shower oil-on-wet-skin routines","Purchase criteria (texture, absorption, scent, price); Objections / side effects / skepticism; Routines / application habits; Attempted solutions / product experiences",3,26 comments; ages not stated; Comments/replies retrieved: 26
C072,Reddit,r/Perimenopause,Which body lotion are you all using?,https://www.reddit.com/r/Perimenopause/comments/1kgdnjc/which_body_lotion_are_you_all_using/,2025-05-06,"Which body lotion for dry, less elastic skin",~100 replies of body lotion/oil choices in peri/menopause audience,"Attempted solutions / product experiences; Purchase criteria (texture, absorption, scent, price); Routines / application habits; Problem description",5,"Ages ~40s+; U.S. retail (Costco, CVS); Comments/replies retrieved: 98"
C073,Reddit,r/Perimenopause,So what are we doing about body skin?,https://www.reddit.com/r/Perimenopause/comments/1lwdvsg/so_what_are_we_doing_about_body_skin/,2025-07-10,What to do about arm/leg body skin (peri),"Shock at arm appearance ""overnight""; tattoo-safe question; Gold Bond stickiness objection",Problem description; Emotional impact; Attempted solutions / product experiences; Objections / side effects / skepticism,4,Perimenopause sub; 32 comments; Comments/replies retrieved: 32
C074,Reddit,r/Perimenopause,I didn't think I'd physically change this fast. In just 12 months I have that thin wrinkly look on my neck and chest.,https://www.reddit.com/r/Perimenopause/comments/1m1b7ig/i_didnt_think_id_physically_change_this_fast_in/,2025-07-16,"Thin, wrinkly neck/chest within 12 months of peri","""Aged 10 years in 10 months""; shock despite healthy lifestyle; ~95 replies, ages 40-60",Problem description; Emotional impact; Age / menopause context; Attempted solutions / product experiences,4,Neck + chest (décolleté = body-adjacent); HRT-heavy replies; Comments/replies retrieved: 96
C075,Reddit,r/Perimenopause,How’s your skin? Is anyone else finding their trusty body lotion less effective and getting rashes lately?,https://www.reddit.com/r/Perimenopause/comments/1ti4ysg/hows_your_skin_is_anyone_else_finding_their/,2026-05-20,Trusty body lotion less effective; arm bumps/rash near menopause,"Arms won't stay moisturized; new intolerance to scented lotions (""smell...making me upset"")","Problem description; Purchase criteria (texture, absorption, scent, price); Objections / side effects / skepticism; Emotional impact",4,Perimenopause sub; OP username signals Gen X 50+ woman; Trader Joe's (U.S.); Comments/replies retrieved: 37
C076,Reddit,r/Perimenopause,Anyone else’s skin change from normal to “crepey”?,https://www.reddit.com/r/Perimenopause/comments/1jsf80m/anyone_elses_skin_change_from_normal_to_crepey/,2025-04-05,"Skin everywhere turned ""tissue paper"" crepey",On-target onset description; coconut oil + lotion tried; HRT question,Problem description; Attempted solutions / product experiences; Age / menopause context,3,14 short comments; Perimenopause sub; Comments/replies retrieved: 14
C077,Reddit,r/SkincareAddiction,[anti-aging] body lotions that actually do something? 41f,https://www.reddit.com/r/SkincareAddiction/comments/1nfkepq/antiaging_body_lotions_that_actually_do_something/,2025-09-13,Anti-aging body lotions that actually work (41F),"Willing to ""invest"" if it works; ~90 replies with AmLactin, retinol, urea, oils","Attempted solutions / product experiences; Purchase criteria (texture, absorption, scent, price); Desired outcomes; Objections / side effects / skepticism",5,"OP 41; first comment automod; U.S. retail (Costco, Ulta); Comments/replies retrieved: 88"
C078,Reddit,r/SkincareAddiction,[Misc] What does your body care routine look like?! (Bonus for how to go about anti-ageing for your body)!,https://www.reddit.com/r/SkincareAddiction/comments/m78e8v/misc_what_does_your_body_care_routine_look_like/,2021-03-17,Body care routines + body anti-aging,"~100 detailed body routines incl. oils, AHAs, retinol; ""body is receptacle for face rejects""","Routines / application habits; Attempted solutions / product experiences; Purchase criteria (texture, absorption, scent, price)",4,"2021; general-audience SCA (younger skew), ages not stated; first comment automod; Comments/replies retrieved: 97"
C079,Reddit,r/SkincareAddiction,[Product Request] Need products for old lady crepey wrinkly skin,https://www.reddit.com/r/SkincareAddiction/comments/14cn06o/product_request_need_products_for_old_lady_crepey/,2023-06-18,Products for 74-year-old's crepey arms/legs,"Older-end first-person (""shriveled crepey skin is disconcerting""); body lotion recs","Problem description; Attempted solutions / product experiences; Purchase criteria (texture, absorption, scent, price)",4,"OP 74 (above core range, within 65+); first comment is automod; Comments/replies retrieved: 36"
C080,Reddit,r/SkincareAddiction,"[PSA] Don't buy the (more) expensive AmLactin. The ""KP"" and ""Crepe"" versions 2x-4x the cost for similar or worse formulations",https://www.reddit.com/r/SkincareAddiction/comments/1pg9y2o/psa_dont_buy_the_more_expensive_amlactin_the_kp/,2025-12-07,"AmLactin ""Crepe""/""KP"" versions cost 2-4x for same formula",Price/marketing skepticism toward crepe-labeled products; consumers comparing ingredient lists,"Objections / side effects / skepticism; Purchase criteria (texture, absorption, scent, price); Attempted solutions / product experiences",4,U.S. Amazon prices; OP data-driven (not seeding); first reply automod; age 47 mentioned; Comments/replies retrieved: 66
C081,Reddit,r/beauty,PEOPLE. Why did no one tell me about post-shower body oil????,https://www.reddit.com/r/beauty/comments/1dhgg35/people_why_did_no_one_tell_me_about_postshower/,2024-06-16,Discovering post-shower body oil,"Enthusiastic first-person body-oil conversion; ~100 replies on oils, layering, wet-skin application, scents","Attempted solutions / product experiences; Routines / application habits; Purchase criteria (texture, absorption, scent, price); Desired outcomes",4,"r/beauty (younger skew); ages not stated; U.S. retail (Costco, Walmart, TJ Maxx); Comments/replies retrieved: 97"
C082,Reddit,r/beauty,I’m 59…,https://www.reddit.com/r/beauty/comments/1ar1zbc/im_59/,2024-02-15,"Reptilian, crepey hands at 59",59-year-old seeking moisturizers; face products used on hands,Problem description; Attempted solutions / product experiences; Routines / application habits,3,r/beauty; 12 comments; age 62 also mentioned; Comments/replies retrieved: 12
C083,Reddit,r/beauty,Help! Turning 50 + overwhelmed by body wash/oil options (Osea vs Saltair vs Iota vs Beauty From Bees vs Besque),https://www.reddit.com/r/beauty/comments/1qfgegt/help_turning_50_overwhelmed_by_body_washoil/,2026-01-17,"Turning 50, overwhelmed by body wash/oil brands","50-year-old weighing OSEA/Saltair/Iota/Beauty From Bees/Besque; ad fatigue, fear of paying for hype; detailed OP","Purchase criteria (texture, absorption, scent, price); Objections / side effects / skepticism; Attempted solutions / product experiences; Age / menopause context",3,"Only 7 replies - included for OP depth (purchase-criteria language); competitor set named; brand-list OP could attract seeding, none observed; Comments/replies retrieved: 7"
C084,Reddit,r/AskWomenOver40,"If you have sensitive skin, what kind of body moisturizer do you use?",https://www.reddit.com/r/AskWomenOver40/comments/1td3ff8/if_you_have_sensitive_skin_what_kind_of_body/,2026-05-14,Body moisturizer for sensitive skin (44F),Derm-advised cream vs lotion; fragrance-free requirement; sensitivity/hives histories,"Purchase criteria (texture, absorption, scent, price); Attempted solutions / product experiences; Objections / side effects / skepticism",4,r/AskWomenOver40; OP 44F; U.S. retail (TJ Maxx); Comments/replies retrieved: 56
C085,Reddit,r/Ulta,Help me choose my FIRST Body Oil 🧴💦,https://www.reddit.com/r/Ulta/comments/1t5ys67/help_me_choose_my_first_body_oil/,2026-05-07,Choosing a first body oil,"Explicit body-oil purchase criteria: hydrating, damp-skin use, not greasy, no shimmer, non-sweet spa scents; ~75 replies","Purchase criteria (texture, absorption, scent, price); Attempted solutions / product experiences; Objections / side effects / skepticism; Routines / application habits",4,"r/Ulta (purchase-driven, younger/scent-led skew); competitor context (OSEA, Saltair); ages not stated; Comments/replies retrieved: 77"
C086,Reddit,r/Ulta,My New Fave for Crepey Skin!,https://www.reddit.com/r/Ulta/comments/1r8m0yr/my_new_fave_for_crepey_skin/,2026-02-19,"CeraVe on crepey arms - ""my new fave""","First-person success with a basic cream after expensive serums failed; fast-absorbing, non-greasy criteria","Attempted solutions / product experiences; Desired outcomes; Purchase criteria (texture, absorption, scent, price)",3,r/Ulta; same OP as r/beauty 1ili5sj; 20 comments; age asked but not answered; Comments/replies retrieved: 20
C087,Reddit,r/Ulta,Saltair Body Oil: Do you use it? How do you use it? Are there better body oil options?,https://www.reddit.com/r/Ulta/comments/1ukz2dt/saltair_body_oil_do_you_use_it_how_do_you_use_it/,2026-07-01,Saltair body oil use and alternatives,How body oil is used/layered with lotion; scent loyalty; sale-driven buying,"Routines / application habits; Purchase criteria (texture, absorption, scent, price); Attempted solutions / product experiences",3,r/Ulta; scent-led; ages not stated; Comments/replies retrieved: 45
C088,Reddit,r/TwoXChromosomes,So tired of women's insecurities being SOLD to us (A tale of Crêpe Erase),https://www.reddit.com/r/TwoXChromosomes/comments/m540tj/so_tired_of_womens_insecurities_being_sold_to_us/,2021-03-14,Skepticism of crepe-skin marketing (Crêpe Erase infomercial),Objection/insecurity-marketing critique; 63-year-old commenter wears long sleeves due to crepey arms,Objections / side effects / skepticism; Emotional impact,3,2021; r/TwoXChromosomes (Tier 3 spot-check); 12 comments; Comments/replies retrieved: 12
C089,Inspire.com,Inspire - Red Hot Mamas Menopause,itchy all over!,https://www.inspire.com/groups/red-hot-mamas-menopause/discussion/itchy-all-over-1/,2015-01-01,Itchy all-over skin in menopause,"Older-women remedies incl. Neutrogena body oil ""works wonders"", oatmeal baths, lotions on dry elbows/knees",Problem description; Attempted solutions / product experiences; Routines / application habits; Age / menopause context,3,2015; Red Hot Mamas; 14 replies; itch partly symptom-driven (medical overlap); Comments/replies retrieved: 14
C090,Inspire.com,Inspire - Red Hot Mamas Menopause,Skin sagging more than just age. No weight gain or loss.,https://www.inspire.com/groups/red-hot-mamas-menopause/discussion/skin-sagging-more-than-just-age-no-weight-gain-or-loss/,2020-04-27,"Sudden saggy, crepey arms/legs/neck at 54 on BHRT","Exceptionally deep first-person OP (~400 words): crepey limbs, bat wings, panic attacks at mirror, dismissed by doctors; peer reply age-matched",Problem description; Emotional impact; Age / menopause context; Objections / side effects / skepticism,3,"Off-Reddit U.S. health community; OP 54, post-menopausal; only 2 replies (one is staff) - scored on OP depth; Comments/replies retrieved: 2"
