Item,Type,Description,Supporting ads/sources,Evidence signals,Counter-evidence,Confidence,Control/Challenger implication
"D1 · Arme wieder zeigen / nicht mehr verstecken (sleeveless, shorts, swimsuit)",Desire,Die Werbung rahmt das Problem als eingeschränkte Freiheit: Frauen verstecken Arme/Beine und wollen wieder ärmellos oder in Shorts gehen.,"https://www.facebook.com/ads/library/?id=1637558804018844 (Ledger); https://www.facebook.com/ads/library/?id=1335073818218395 (Ledger); https://www.facebook.com/ads/library/?id=1811884486444866 (Ledger); https://www.facebook.com/ads/library/?id=4109833019265205 (Ledger); https://www.facebook.com/ads/library/?id=1070866808556946 (Ledger); https://www.facebook.com/ads/library/?id=971890085912295 (Ledger); https://www.facebook.com/ads/library/?id=2356767951823146 (Ledger); https://www.facebook.com/ads/library/?id=1078737738359846 (Ledger); Psychografie-Bericht: Mass Desire #1 „Bare my arms again“ (~9 Posterinnen, 5 Quellen, verhaltensgebunden); Ledger-Muster „Hiding/sleeveless“ (Competitor_Intelligence_Research.md §4)","166 Anzeigen / 9 unabhängige Advertiser-Cluster; 6 Cluster mit ≥60 Tagen, 3 mit ≥90 Tagen. NØRD 56 IDs auf 2 Seiten (bis 117 Tage, live); Goda 21 IDs auf 3 Seiten (bis 314 Tage); Evora 60 IDs; Besque 10; Emily Carter 9; MiamiMD/Feline 5 (bis 143 Tage). Kundenevidenz: direkt + Verhalten („I'm buying and wearing sleeveless tops again.“, „I wear long sleeves in the summer.“).","Sommer ist zugleich der Trigger, bei dem Öl-Schmierigkeit am wenigsten toleriert wird (Psychografie-Bericht). Kundinnen erwarten von Topika nur vorübergehende Effekte (Marktbewusstsein-Bericht). Keine Performance-Daten.",Validated · Hoch,"CONTROL: Pflicht-Desire der Kategorie, von den langlebigsten Konzepten getragen. Allein nicht differenzierend."
"D2 · „Crepey“/„old lady“-Look loswerden (Arme, Dekolleté, Hände, Hals)",Desire,Sichtbare Texturverbesserung der benannten Zonen; das Wort „crepey“ (auch „creepy“) ist Standardvokabular.,https://www.facebook.com/ads/library/?id=980035185081066 (Ledger); https://www.facebook.com/ads/library/?id=986622734003880 (Ledger); https://www.facebook.com/ads/library/?id=1564770261945264 (Ledger); https://www.facebook.com/ads/library/?id=2356767951823146 (Ledger); https://www.facebook.com/ads/library/?id=4092537667704644 (Ledger); Psychografie-Bericht: Mass Desire #2; Marktbewusstsein-Bericht: Problem-language map; Sophistication-Stufe 4–5,"„crepey/creepy“ in 343 Anzeigen / 17 Clustern (13 mit ≥60 Tagen, 11 mit ≥90 Tagen). Arme in 219 Anzeigen / 12 Clustern; Hände/Brust/Hals 230 / 13; Beine/Oberschenkel/Knie 59 / 9. Kundenevidenz: ~7 Selbst-Labels („old lady crepey look“), Mutter-Vergleich in ~5 Stimmen.",„My skin feels better but doesn't look any different.“ ist die Kernenttäuschung; Cleveland Clinic: crepey Haut „cannot be completely eliminated“ (nur Suchzusammenfassung). „Visibly firm“ ist table stakes (Marktbewusstsein-Bericht).,Validated · Hoch,"CONTROL (Pflichtvokabular). Der Claim selbst ist gesättigt; Differenzierung muss über Mechanismus, Beleg oder Erlebnis kommen."
"D3 · Weich, angenehm, nicht schmierig, zieht schnell ein",Desire,"Sensorische Erlaubnis zum Ölen: „non-greasy“, „absorbs“, „velvety, not greasy“ als Stützargument.",https://www.facebook.com/ads/library/?id=1361129475914444 (Ledger); https://www.facebook.com/ads/library/?id=1175006387786014 (Ledger); https://www.facebook.com/ads/library/?id=628927770315306; https://www.facebook.com/ads/library/?id=1614326529891842; https://www.facebook.com/ads/library/?id=26718540777849099; Psychografie-Bericht: Kaufkriterium #1 (zieht schnell ein / nicht schmierig); Marktbewusstsein-Bericht: Einwand #7 (Textur/Fettigkeit),"„non-greasy/absorbs fast“ in 50 Anzeigen / 6 Clustern; ≥60 Tage bei 4 Clustern (Evora bis 108 Tage, Goda bis 278 Tage, unbekannte Seeding-Seite 209 Tage, Vitality Extracts 126 Tage). Seeding-Frage „...AND doesn't take forever to absorb“ (189 Tage). Kundenevidenz stark: „slick pig“-Abbruch, „soaks right in“-Lob.","In Anzeigen fast nur Neben-Claim, kaum Lead. „Non-greasy“ ist laut Marktbewusstsein-Bericht table stakes für Öle. Evora-1★: „Felt very oily on my skin and did not absorb“.",Validated · Mittel-hoch,CONTROL-Hygiene; als LEAD bisher kaum besetzt → siehe Challenger CH3.
D4 · Sich wieder wie man selbst fühlen / wohl in der eigenen Haut (Identität),Desire,"Future-self/Identity: „She just... wears what she wants“, „bring back the skin you love seeing in the mirror“, „hands that stopped looking like yours“.",https://www.facebook.com/ads/library/?id=1070866808556946 (Ledger); https://www.facebook.com/ads/library/?id=1637558804018844 (Ledger); https://www.facebook.com/ads/library/?id=4109833019265205 (Ledger); https://www.facebook.com/ads/library/?id=2356767951823146 (Ledger); Psychografie-Bericht: Mass Desire #4 „Feel like myself again“ (Interpretation auf direkter Basis),"Identitäts-Formulierungen in 83 Anzeigen / 5 Clustern; ≥60 Tage bei NØRD (117), Goda (314; Identity-Ad 170 Tage, 4 Varianten) und MiamiMD (147). Kundenevidenz mittel: „I don't recognize myself anymore.“, „my firm arms were some of my features I really held onto.“","Kleiner Teil der Zielgruppe lehnt Anti-Aging-Rhetorik aktiv ab (AARP, „radical self-acceptance“). Volumen außerhalb NØRD/Goda gering.",Validated · Mittel,"CONTROL-nah (Teil der Goda/NØRD-Controls), selten als eigener Lead."
D5 · Menopause-bedingte Hautveränderung,Desire,"Menopause als Ursache/Trigger („after menopause“, „replaces what skin stopped making“).",https://www.facebook.com/ads/library/?id=1959706931378835 (Ledger); https://www.facebook.com/ads/library/?id=1183652923933432 (Ledger); https://www.facebook.com/ads/library/?id=2455348678278754 (Ledger); https://www.facebook.com/ads/library/?id=881987788082932; Psychografie-Bericht: Trigger „Peri-/Menopause“ (hoch in r/Menopause); Marktbewusstsein-Bericht: Ursachen-Glaube Menopause/Östrogen,"94 Anzeigen / 6 Cluster; ≥60 Tage bei 3 Clustern (Evora 8 IDs bis 89 Tage, Goda 3 IDs bis 150 Tage [gestoppt], Frøya 1 ID 163 Tage). Davon 83 Evora (fast nur Long-form). Kundenevidenz stark (r/Menopause).",Außerhalb Evora nur 11 Anzeigen (dünn). Stichproben-Bias der Kundenevidenz (r/Menopause überrepräsentiert); auch 30-Jährige beschreiben das Problem.,Validated · Mittel,"Validiert als Framing, aber im Short-form fast unbesetzt → siehe Challenger CH6."
D6 · Trockenheit lindern (dry/flaky) als Ko-Problem,Desire,„Dryness“ steht direkt im Hook neben „crepey“ (Goda) bzw. als Nebenproblem.,https://www.facebook.com/ads/library/?id=4109833019265205 (Ledger); https://www.facebook.com/ads/library/?id=1183652923933432 (Ledger); https://www.facebook.com/ads/library/?id=884215667540987; https://www.facebook.com/ads/library/?id=1908949839699218; Marktbewusstsein-Bericht: Segment „Overnight Dry-Out“; Psychografie-Bericht: Mass Desire #3,"„dry/dryness“ in Erstzeile/Headline: 47 Anzeigen / 6 Cluster; ≥60 Tage bei Goda (30 IDs, bis 314 Tage), Frøya (573 Tage), Seeding (209 Tage). Kundenevidenz: Öl gilt glaubwürdig für Trockenheit/Komfort.",„Itch“ explizit nur 7 Anzeigen / 2 Cluster (Kandidat). Trockenheit allein rechtfertigt $49 nicht gegen $10-Öle (Marktbewusstsein-Bericht).,Validated · Mittel,Validiert als Nebenproblem; „Itch/Comfort“ als Lead = Challenger CH3.
"D7 · Nach Gewichtsverlust/GLP-1 lose, crepey Haut",Desire,Post-Ozempic/Wegovy-Haut als eigener Auslöser mit eigenem Mechanismus („fat cushion collapsed“).,"https://www.facebook.com/ads/library/?id=1048726737582951 (Ledger); https://www.facebook.com/ads/library/?id=2310106993153092 (Ledger); https://www.facebook.com/ads/library/?id=1609139254186765 (Ledger); https://www.facebook.com/ads/library/?id=1113341161654036 (Ledger); https://www.facebook.com/ads/library/?id=28191372747167970 (Ledger); Psychografie-Bericht: Trigger Gewichtsabnahme (niedrig-mittel, 4 Stimmen); Marktbewusstsein-Bericht: Evora-Onsite-Review „lost 70 lbs on a glp-1“ (unverifiziert)","24 Anzeigen / 3 Cluster (VitaeCharm 10 IDs bis 110 Tage; Besque-Persona 13 IDs bis 23 Tage; Beekman 1, 39 Tage). Evora: 0.",Schwelle verfehlt (V2: nur 1 Cluster ≥60 Tage). Kundenevidenz dünn.,Candidate · Mittel (Kandidat),CHALLENGER (CH1).
D8 · Ohne Nadeln/Botox/Eingriffe,Desire,"Topikum als Alternative zu Behandlungen („the thought of needles made me nervous“, „Spending $500 every 3 months on Botox?“).","https://www.facebook.com/ads/library/?id=4109833019265205 (Ledger); https://www.facebook.com/ads/library/?id=1128834092622802 (Ledger); https://www.facebook.com/ads/library/?id=2225938548183737 (Ledger); https://www.facebook.com/ads/library/?id=1050808974212778; Marktbewusstsein-Bericht: Einwand #3 „Nur Eingriffe, OP oder nichts“; Psychografie-Bericht: Überzeugung „Topisch hilft nichts“ (hoch, ≥6 Stimmen)","Begriffe needle/Botox/surgery/laser in 82 Anzeigen / 9 Clustern, 6 mit ≥60 Tagen (Goda 314, Frøya 589, Saeskyn 221, MiamiMD 145).",V4 verfehlt: Die verbreitete Kundenüberzeugung „There's no lotion ... that's going to reverse skin damage“ / „plastic surgery or death“ widerspricht der Kernprämisse. Keine direkte Kundenevidenz zu Nadelangst.,Candidate · Niedrig-mittel (Kandidat),Kein Control; nur als Nebenmotiv beobachtet.
A1 · Anti-Creme: Lotionen/Cremes versagen → Wechsel zum Öl,Angle,Der Angriff auf die bisherige Lösung (Cremes/Lotionen) ist der häufigste Einstieg der Öl-Anbieter.,https://www.facebook.com/ads/library/?id=1570129684499222 (Ledger); https://www.facebook.com/ads/library/?id=2202226780628780 (Ledger); https://www.facebook.com/ads/library/?id=1564770261945264 (Ledger); https://www.facebook.com/ads/library/?id=1183652923933432 (Ledger); https://www.facebook.com/ads/library/?id=1175006387786014 (Ledger); https://www.facebook.com/ads/library/?id=1706678643610029 (Ledger); Marktbewusstsein-Bericht: Stufe-4-Angriff „creams have never worked“; Psychografie-Bericht: Frustration „Lotion does nothing to improve it.“,"Anti-Creme-Opener (Headline oder erste 220 Zeichen): 97 Anzeigen / 8 Cluster; ≥60 Tage bei 6 (VitaeCharm 15 IDs bis 99 Tage; MiamiMD 11 IDs 107 Tage; Goda bis 278 Tage; Frøya 525 Tage; Evora 79 Tage; Besque 88 Tage). Kundenevidenz bestätigt die Prämisse („Well, for about 30 minutes.“).",Teil der Kundinnen bevorzugt Cremes: „Oil alone just doesn't seem to keep my skin hydrated. Only creams or butters.“; Reddit-Top-Antwort rät zu Lotion wegen Finish.,Validated · Hoch,CONTROL (CT1). Stark besetzt; Evora greift explizit damit an.
A2 · Versteckte wahre Ursache / Myth-busting („nicht einfach das Alter“),Angle,"„The real reason“, „it has nothing to do with just getting older“, „Crepey Skin Myth“.",https://www.facebook.com/ads/library/?id=965929252430847 (Ledger); https://www.facebook.com/ads/library/?id=4092537667704644 (Ledger); https://www.facebook.com/ads/library/?id=1564770261945264 (Ledger); https://www.facebook.com/ads/library/?id=880796694467063 (Ledger); https://www.facebook.com/ads/library/?id=1570129684499222 (Ledger); Marktbewusstsein-Bericht: Segment „Crepe Researchers“ (will Mechanismus),"124 Anzeigen / 8 Cluster; ≥60 Tage bei 6, ≥90 Tage bei 4 (Goda 118/314 Tage, Feline 141 Tage, MiamiMD 107 Tage, Frøya). Feline-Myth-Headline 12 IDs.","Kunden und Dermatologen halten strukturelle Ursachen (Sonne, Kollagen) für nicht umkehrbar (Marktbewusstsein-Bericht); „aging is a choice“-Werbung löst Wut aus (Psychografie-Bericht).",Validated · Mittel-hoch,CONTROL-nah; Glaubwürdigkeit hängt am Beleg des genannten Grundes.
"A3 · Profi-/Insider-Empfehlung (Ästhetikerin, Spa-Besitzerin, Esthetician rät)",Angle,Die Lösung kommt als Tipp einer Fachperson („Then my aesthetician explained something that changed everything“).,https://www.facebook.com/ads/library/?id=4109833019265205 (Ledger); https://www.facebook.com/ads/library/?id=2329433507867811 (Ledger); https://www.facebook.com/ads/library/?id=25994710613513758 (Ledger); https://www.facebook.com/ads/library/?id=1361748119282048 (Ledger); Psychografie-Bericht: „My derm said“ = stärkste Autorität,"Insider-Rollen in 73 Anzeigen / 4 Clustern; ≥60 Tage bei 3 (Goda bis 314 Tage, Evora bis 78 Tage, Seeding 209 Tage). Goda-Konzept 29 IDs / 4 Seiten.",Kundinnen misstrauen Marketing („Almost everything else is just marketing.“); Evora-Footer: Testimonials teils vergütet.,Validated · Mittel-hoch,CONTROL-Bestandteil (in CT3 enthalten).
A4 · Dermatologen-/Klinik-Autorität,Angle,"„dermatologist-developed“, „Harvard dermatologist“, Derm-Creator-Whitelisting, Klinik-Stats.",https://www.facebook.com/ads/library/?id=980035185081066 (Ledger); https://www.facebook.com/ads/library/?id=866991852497319 (Ledger); https://www.facebook.com/ads/library/?id=1564770261945264 (Ledger); https://www.facebook.com/ads/library/?id=1994209947876803 (Ledger); https://www.facebook.com/ads/library/?id=1873437310029638; Psychografie-Bericht: YouGov 2024: 60 % wichtig „dermatologist-recommended“ (alle Erwachsenen),"161 Anzeigen / 12 Cluster; ≥60 Tage bei 7, ≥90 Tage bei 6 (DRMTLGY 50 IDs / 3 Seiten / 185 Tage; MiamiMD bis 147; Saeskyn 221; Remedy 94). Google: DRMTLGY 80 Creatives seit 2023-01-03.","Persona-Ärzte nicht verifizierbar; Evora „Dermatologist Approved“ unbenannt; Dermatologen beschreiben Öle als okklusiv, nicht als Straffer (Marktbewusstsein-Bericht).",Validated · Hoch,CONTROL (CT4) – v. a. für Wirkstoffprodukte. Für FALUNARA ohne belegte Expertise nicht nutzbar.
"A5 · Preisanker gegen teure Alternativen ($400 Cremes, $500 Botox, $1,400 Geräte, „~$40“-Flasche)",Angle,Das Produkt erscheint billig im Vergleich zu verschwendetem Geld.,"https://www.facebook.com/ads/library/?id=2202226780628780 (Ledger); https://www.facebook.com/ads/library/?id=1128834092622802 (Ledger); https://www.facebook.com/ads/library/?id=2225938548183737 (Ledger); https://www.facebook.com/ads/library/?id=1021976634228403 (Ledger); Marktbewusstsein-Bericht: Preisanker $10–20 Drogerie, ~$52 Prestige-Öle",86 Anzeigen / 6 Cluster; ≥60 Tage bei 3 (VitaeCharm 15 IDs 99 Tage; Saeskyn 221 Tage; Goda 150 Tage). Evora „costs about forty dollars“ in 56 Story-Ads (bis 55 Tage im Regex-Treffer).,"Der relevante Kunden-Anker ist billig, nicht teuer: „sweet almond oil ($10 on Amazon for 16oz)“, „There's no reason to spend a lot to see results.“",Validated · Mittel,"Control-Bestandteil; wirkt gegen Teuer-Anker, nicht gegen DIY-Loyalistinnen."
A6 · Wirkstoff-Upgrade: „face-grade“ Peptide/Retinol/PDRN für den Körper,Angle / Big Idea,„Peptides — proven on faces — now in a fast-absorbing body oil“; Retinol-Body-Lotion; „1973 Nobel“-Peptid-Story.,https://www.facebook.com/ads/library/?id=1637558804018844 (Ledger); https://www.facebook.com/ads/library/?id=980035185081066 (Ledger); https://www.facebook.com/ads/library/?id=1994209947876803 (Ledger); https://www.facebook.com/ads/library/?id=1998108007419317; https://www.facebook.com/ads/library/?id=1720931215870603 (Ledger); Marktbewusstsein-Bericht: Kundinnen halten Retinol/Urea/AHA für die eigentlichen Wirkstoffe,Peptide 98 Anzeigen / 9 Cluster (≥60 Tage: 5); Retinol 89 / 9 (≥60 Tage: 6). NØRD 59 IDs bis 117 Tage; DRMTLGY 50 IDs 185 Tage.,„retinol body lotions ... always seemed to irritate my skin“; „no one seems to be upfront about how much retinol“. FALUNARA-Inhaltsstoffe unbekannt → Übertragbarkeit offen.,Validated · Mittel-hoch,CONTROL im Aktivstoff-Subsegment (CT4); für ein botanisches Öl ohne belegte Actives nicht anwendbar.
A7 · Natürlich / botanisch / kaltgepresst,Angle,"„six cold-pressed botanicals“, „7 cold-pressed oils“, „100% Natural Body Oil“.","https://www.facebook.com/ads/library/?id=1361129475914444 (Ledger); https://www.facebook.com/ads/library/?id=4109833019265205 (Ledger); https://www.facebook.com/ads/library/?id=1048726737582951 (Ledger); https://www.facebook.com/ads/library/?id=3912945868841510 (Ledger); Marktbewusstsein-Bericht: DIY-Öl-Muster (Mandel, Jojoba, Kokos)","„cold-pressed“ in 174 Anzeigen / 6 Clustern; ≥60 Tage bei 5, ≥90 Tage bei 3 (Evora 103 IDs; Goda bis 314; VitaeCharm 110; Besque 88).",Gleiche Eigenschaft wie $10-DIY-Öle → kaum differenzierend; ätherische Öle/Duft als Reizungs-Einwand (Psychografie-Bericht).,Validated · Mittel-hoch,CONTROL-Hygiene für botanische Öle (table stakes).
"A8 · Luxus-Insider: „das Wertvollste aus dem Luxus kostete < $40“ (5-Sterne-Hotel, Milliardärsfamilie, Butler)",Angle / Big Idea,Erzähler mit Job im Luxusumfeld entdeckt eine unscheinbare Amber-Pumpflasche Körperöl.,https://www.facebook.com/ads/library/?id=1021976634228403 (Ledger); https://www.facebook.com/ads/library/?id=1467338712082607 (Ledger); https://www.facebook.com/ads/library/?id=2329433507867811 (Ledger); https://www.facebook.com/ads/library/?id=1544710363874243 (Ledger); https://www.facebook.com/ads/library/?id=1122913676735519 (Ledger); Competitor_Intelligence_Research.md §3/§4 (Long-form-Muster),"Luxus-Setting 65 Anzeigen, davon 55 Evora (2–3 Persona-Seiten); Headlines über 2 Seiten geklont („The secret inside a wealthy family's house“ 12 IDs; „The butler brought me this “weird” oil“ 9 IDs, collation 11); Juli-Stories bis 73–89 Tage; Natalie Brooks 576 Library-Ads.","V1 verfehlt: faktisch ein Advertiser (theskinmag 9 Tage, Goda 3 gestoppte Ads). Keine Kundenevidenz für Luxus-Aspiration; Ausführungen rotieren schnell.",Candidate · Mittel (Evora-spezifische Control),"EVORA-CONTROL, nicht marktweit validiert. Direkter Nachbau wäre ein Evora-Klon (gleicher Preis/Format)."
"A9 · „Andere bemerken es“ (Ehemann-Pointe, Kompliment von Fremden)",Angle,Ehemann/Fremder kommentiert die Haut; Spouse-Jealousy-Comedy.,https://www.facebook.com/ads/library/?id=1959706931378835 (Ledger); https://www.facebook.com/ads/library/?id=1741250287018176 (Ledger); https://www.facebook.com/ads/library/?id=2014827096140525 (Ledger); Psychografie-Bericht: Sinnlichkeit/Partnerberührung „praktisch nicht belegt“,"„husband“ in 75 Anzeigen / 7 Clustern, substanziell aber Evora (59; bis 89 Tage).",V4 verfehlt: Kundenevidenz für Partner-/Sinnlichkeitsmotiv fehlt; sozialer Wunsch ist eher Angst vor Blicken („people see my jiggley arms“).,Candidate · Niedrig-mittel (Kandidat),Evora-spezifisch; kein Control.
"A10 · Drittanbieter-Vergleich / Ranking („Top 5“, „I tested 5 creams“)",Angle / Story-Struktur,"Pseudo-redaktionelle Vergleiche benennen Rivalen (Gold Bond, Crépe Erase, Goda, Besque) als Verlierer.",https://www.facebook.com/ads/library/?id=971890085912295 (Ledger); https://www.facebook.com/ads/library/?id=1592473439201348 (Ledger); https://www.facebook.com/ads/library/?id=1156268523732764; raw/landing/skinglow_top5.txt; raw/landing/emilycarter_comparison.txt; Marktbewusstsein-Bericht: Kundinnen vergleichen aktiv („4/10 ... 7/10“),"24 Anzeigen / 5 Cluster; Emily Carter 9 IDs (46 Tage), Evora/HealthyClub 8 IDs (42 Tage, alle live).",V2 verfehlt: keine Body-Variante ≥60 Tage. Glaubwürdigkeitsrisiko (verdeckte Eigenwerbung).,Candidate · Mittel (Kandidat),CHALLENGER (CH4).
"B1 · „Falsches Format, nicht falsches Produkt“: Cremes erreichen die Stelle nie",Big Idea,Kernidee der Öl-Anbieter: Die Kundin hat nicht versagt – die Creme-Kategorie hat versagt.,https://www.facebook.com/ads/library/?id=4109833019265205 (Ledger); https://www.facebook.com/ads/library/?id=1570129684499222 (Ledger); https://www.facebook.com/ads/library/?id=1048726737582951 (Ledger); https://www.facebook.com/ads/library/?id=1549788703160319; raw/landing/evora_pdp.txt (Mechanismus-Block); Psychografie-Bericht: „tried everything“-Erfahrung,"Getragen von Goda (Konzeptspanne 2025-05-29 → live, ~16 Monate, 29 IDs / 4 Seiten), VitaeCharm („Every cream you've tried failed because they're water-based.“, 110 Tage), Evora (77–89 Tage), Besque („Not another cream that sits on top“, 82 Tage). ≥3 Cluster, ≥2 mit ≥90 Tagen.",Die Lösungshälfte („oils penetrate deep“) ist kundenseitig umstritten → siehe M2.,Validated · Hoch,CONTROL (CT1). Von Evora als Twin-Wettbewerber identisch besetzt.
"B2 · „Nicht das Alter – eine benannte, versteckte Ursache“",Big Idea,"Template: benannter Schuldiger (Fibroblast Failure, kollabiertes Fettpolster, TEWL, Lipidverlust nach 50, „1973 Nobel“).","https://www.facebook.com/ads/library/?id=1564770261945264 (Ledger); https://www.facebook.com/ads/library/?id=880796694467063 (Ledger); https://www.facebook.com/ads/library/?id=965929252430847 (Ledger); https://www.facebook.com/ads/library/?id=2356767951823146 (Ledger); https://www.facebook.com/ads/library/?id=1720931215870603 (Ledger); Marktbewusstsein-Bericht: Kunden kennen Ursachen (Sonne, Kollagen, Menopause)","Template in ≥5 Clustern; ≥60 Tage bei MiamiMD (107), VitaeCharm (99–110), Goda (118), Evora (77). Jede einzelne benannte Ursache gehört aber nur einem Advertiser.",Dermatologen nennen Sonne/Kollagenverlust; einzelne Ursachen unbelegt. Kundinnen glauben Struktur sei endgültig.,Validated · Mittel,Validiertes Big-Idea-Template; die konkreten Mechanismen sind Kandidaten (M5/M6).
"M1 · Problem-Mechanismus: Cremes sind 70–80 % Wasser, verdunsten, bleiben an der Oberfläche",Mechanism,"Erklärt, warum bisherige Produkte nur kurz wirkten.","https://www.facebook.com/ads/library/?id=1570129684499222 (Ledger); https://www.facebook.com/ads/library/?id=4109833019265205 (Ledger); https://www.facebook.com/ads/library/?id=1048726737582951 (Ledger); https://www.facebook.com/ads/library/?id=2111757916426469; raw/landing/nord_7reasons.txt, vitaecharm_10reasons.txt, evora_listicle8.txt (je „~80% water“/„70 to 80 percent“); Marktbewusstsein-Bericht: Dr. Fenton: Moisturizing „can temporarily improve the appearance“","Wasser/Verdunstung/„sits on top“ in 127 Anzeigen / 6 Clustern; ≥60 Tage bei 5, ≥90 Tage bei 3 (Goda 22 IDs bis 314 Tage; Evora 83; Besque 12; VitaeCharm 5; Frøya 4). Zusätzlich 3 Landingpages anderer Marken (NØRD, VitaeCharm, Evora).",AAD hält Creams/Ointments für wirksamer als Lotionen; Teil der Kundinnen bevorzugt Cremes.,Validated · Hoch,CONTROL (CT1).
M2 · Lösungs-Mechanismus: Öl durchdringt die Lipidbarriere und erreicht die tiefere Schicht,Mechanism,"„melts through the barrier“, „oils penetrate deep where the real problems start“, „Penetrates 5 layers deep“.","https://www.facebook.com/ads/library/?id=4109833019265205 (Ledger); https://www.facebook.com/ads/library/?id=1570129684499222 (Ledger); https://www.facebook.com/ads/library/?id=2202226780628780 (Ledger); https://www.facebook.com/ads/library/?id=1549788703160319; Marktbewusstsein-Bericht: Experten (Garshick, Queller, AAD): Öle sind okklusiv/versiegelnd; Marktbewusstsein-Bericht: Kundinnen „oil only seals“","Werbekonvergenz hoch: 86 Anzeigen / 7 Cluster; ≥60 Tage bei 5, ≥90 Tage bei 3 (Goda 26 IDs bis 314; VitaeCharm 16 IDs bis 99; Evora 30; Besque 10).",V4 verfehlt: Informierte Kundinnen („it's good at locking in moisture - but ... the oil itself probably isn't enough“) und Experten widersprechen der Tiefenwirkung; keine Quelle stützt „where crepey skin starts“.,Candidate · Mittel (umstritten),"Werbe-Control, aber Glaubwürdigkeitsrisiko bei Solution-aware-Käuferinnen; Claim-Risiko."
"M3 · Anwendung auf feuchter Haut direkt nach der Dusche („two minutes“, „2–3 pumps“)",Mechanism,Ritual-Mechanismus: Öl hält das vorhandene Wasser fest.,https://www.facebook.com/ads/library/?id=1361129475914444 (Ledger); https://www.facebook.com/ads/library/?id=2329433507867811 (Ledger); https://www.facebook.com/ads/library/?id=1175006387786014 (Ledger); Marktbewusstsein-Bericht: AAD/Dr. Queller/Dr. Garshick bestätigen; Psychografie-Bericht: „The key is to put on IN the shower“ – „meteor of knowledge“,After-shower/damp skin in 108 Anzeigen / 5 Clustern (Evora 98 bis 108 Tage; Goda 2 IDs 278 Tage; Besque 6; NØRD 1; theskinmag 1). Kunden- und Expertenevidenz stark übereinstimmend.,Werbevolumen stark Evora-lastig (98/108); „two minutes“ nur Evora. Nicht differenzierend gegen Babyöl/Neutrogena.,Validated · Mittel,"Validiert und kundengedeckt, aber in Ads Nebenzeile → Challenger CH3 (als Lead)."
M4 · Peptide/Retinoide bauen Kollagen auf,Mechanism,"„Rebuilds Collagen In 4 Weeks“, „three facial-grade peptides“, Retinaldehyd.",https://www.facebook.com/ads/library/?id=1811884486444866 (Ledger); https://www.facebook.com/ads/library/?id=980035185081066 (Ledger); https://www.facebook.com/ads/library/?id=1994209947876803 (Ledger); raw/landing/nord_7reasons.txt; raw/landing/drmtlgy_retinol_body.txt,"Siehe A6: Peptide 9 Cluster, Retinol 9 Cluster, je ≥5 mit ≥60 Tagen.","Reizung, intransparente Dosierung; FALUNARA-INCI unbekannt.",Validated · Mittel-hoch,Control nur im Aktivstoff-Segment; für FALUNARA nicht ohne Inhaltsstoffbeleg.
M5 · Lipid-Ersatz: „replaces what your skin stopped making after 50/menopause“,Mechanism,Evoras Ersatz-Story für Lipide nach 50.,https://www.facebook.com/ads/library/?id=2356767951823146 (Ledger); https://www.facebook.com/ads/library/?id=1570129684499222 (Ledger); Marktbewusstsein-Bericht: AAD „skin loses some ability to hold water“ (Menopause),"72 Anzeigen, aber nur 1 Advertiser (Evora, 4 Seiten, bis 89 Tage).",V1 verfehlt (Einzel-Advertiser).,Candidate · Niedrig-mittel (Kandidat),Evora-spezifisch.
M6 · Proprietäre Einzel-Ursachen (Fibroblast Failure/Ribose; Fat cushion/GLA; TEWL; NAD+; PDRN),Mechanism,Je ein Advertiser besitzt einen eigenen Namen für die Ursache.,https://www.facebook.com/ads/library/?id=1564770261945264 (Ledger); https://www.facebook.com/ads/library/?id=1048726737582951 (Ledger); https://www.facebook.com/ads/library/?id=865686186087862 (Ledger); https://www.facebook.com/ads/library/?id=4479159772361966 (Ledger); Competitor_Intelligence_Research.md §4 (Mechanisms),MiamiMD 11 IDs 107 Tage; VitaeCharm 110 Tage; Goda TEWL 1 ID 43 Tage; Saeskyn PDRN 263 Tage.,Jeweils Einzel-Advertiser; Claims unbelegt.,Candidate · Niedrig (Kandidat),Nur das Template (B2) ist validiert.
H1 · Problem-/Zonen-Frage als Call-out („Ever avoid wearing shorts because of …?“),Hook,"Erste Zeile = Frage, die Symptom + Körperzone + Vermeidungsverhalten nennt.",https://www.facebook.com/ads/library/?id=1637558804018844 (Ledger); https://www.facebook.com/ads/library/?id=1611807499919232 (Ledger); https://www.facebook.com/ads/library/?id=1811884486444866 (Ledger); https://www.facebook.com/ads/library/?id=1564770261945264 (Ledger); https://www.facebook.com/ads/library/?id=1908949839699218; https://www.facebook.com/ads/library/?id=1609139254186765 (Ledger); Psychografie-Bericht: Verhalten „Verstecken“,Frage mit Symptom in Erstzeile: 93 Anzeigen / 6 Clustern; ≥60 Tage bei 3 (NØRD 56 IDs / 2 Seiten / 117 Tage; MiamiMD 11 IDs 107–147 Tage; Seeding bis 284 Tage). NØRD-Haupthook: collation-Summe 66.,"Keine Performance-Daten; NØRD-Copy ist sehr kurz, Wirkung könnte vom Creative/Lander kommen.",Validated · Hoch,CONTROL-Hook (CT2).
H2 · Zitiertes Ich-Testimonial als Opener („…until I realized I was doing it all wrong. 😨“),Hook,"Erste Zeile in Anführungszeichen, Kundinnenstimme mit Schmerz + Wendepunkt.",https://www.facebook.com/ads/library/?id=4109833019265205 (Ledger); https://www.facebook.com/ads/library/?id=1214273246836667; https://www.facebook.com/ads/library/?id=999552596247291 (Ledger); https://www.facebook.com/ads/library/?id=4092537667704644 (Ledger); https://www.facebook.com/ads/library/?id=4479159772361966 (Ledger); https://www.facebook.com/ads/library/?id=1175006387786014 (Ledger); Psychografie-Bericht: glaubwürdiger Peer-Beweis = Alter + Zone + Dauer + moderates Ergebnis,"Zitat-Opener 157 Anzeigen / 9 Cluster; ≥60 Tage bei 6, ≥90 Tage bei 4 (Goda 36 IDs bis 314 Tage; MiamiMD/Feline bis 147; Saeskyn 263; Frøya 589). Goda-Hook: 29 IDs, 4 Seiten, 16 live.",Evora-Footer: Testimonials teils vergütet; Crépe-Erase-Vorher/Nachher „don't reflect typical results“ (Aggregator).,Validated · Hoch,CONTROL-Hook (CT3).
H3 · Anti-Creme-Opener („Let's be honest — most body firming lotion and creams don't actually work.“),Hook,Hook-Form von A1.,https://www.facebook.com/ads/library/?id=1570129684499222 (Ledger); https://www.facebook.com/ads/library/?id=2202226780628780 (Ledger); https://www.facebook.com/ads/library/?id=1564770261945264 (Ledger); https://www.facebook.com/ads/library/?id=1183652923933432 (Ledger); https://www.facebook.com/ads/library/?id=1662756028606976 (Ledger); siehe A1,"97 Anzeigen / 8 Cluster, 6 mit ≥60 Tagen (siehe A1).",siehe A1.,Validated · Hoch,CONTROL-Hook (CT1).
"H4 · Alter + Zone im ersten Satz („At 48, my neck and arms looked like crepe paper.“, „I'm 61.“)",Hook,Selbstgenanntes Alter 45–79 als Identifikationssignal.,https://www.facebook.com/ads/library/?id=4092537667704644 (Ledger); https://www.facebook.com/ads/library/?id=1021976634228403 (Ledger); https://www.facebook.com/ads/library/?id=1183652923933432 (Ledger); https://www.facebook.com/ads/library/?id=1720931215870603 (Ledger); Psychografie-Bericht: Peer-Beweis mit Alter,"82 Anzeigen / 7 Cluster; ≥60 Tage bei 4 (Feline 141, Goda 150, Evora 82, VitaeCharm 84). Evora: Alter 56–64 in 57 Ads.",Kernzielgruppe 48–58; Evora-Erzählerinnen und -Reviewerinnen eher 56–69 (älter).,Validated · Mittel-hoch,CONTROL-Element.
H5 · „Women over 50“-Call-out,Hook,"Explizite Alters-Adressierung („Women Over 50 Are Ditching…“, „If you’re a woman over 50…“).",https://www.facebook.com/ads/library/?id=2202226780628780 (Ledger); https://www.facebook.com/ads/library/?id=971890085912295 (Ledger); https://www.facebook.com/ads/library/?id=880796694467063 (Ledger); https://www.facebook.com/ads/library/?id=1021645447453961 (Ledger); Psychografie-Bericht: Selbst-Labels „old lady“; AARP-Abneigung gegen „anti-aging“,"138 Anzeigen / 11 Cluster; ≥60 Tage bei 6, ≥90 Tage bei 3 (VitaeCharm 18 IDs bis 99 Tage).",AARP verbannte „anti-aging“; „aging is a choice“-Ad löst Wut aus. Kernzielgruppe beginnt bei 48.,Validated · Mittel-hoch,Control-Element.
H6 · Geständnis-/Verbots-Opener („I'm probably going to get fired for posting this.“),Hook,Insider bricht Schweigen.,https://www.facebook.com/ads/library/?id=1021976634228403 (Ledger); https://www.facebook.com/ads/library/?id=904551685811648 (Ledger); https://www.facebook.com/ads/library/?id=1476760844282623 (Ledger); https://www.facebook.com/ads/library/?id=1568206685050938 (Ledger); Competitor_Intelligence_Research.md §4 (29 Evora-Ads),"Evora 38 IDs auf 2 Seiten (bis 75 Tage); Nanny-Hook 12 IDs / 2 Seiten; Spanisch geklont. Orgatics ähnlich („I don't give a f*ck if this upsets you.“, 23 Tage).","V1/V2 verfehlt (marktweit faktisch 1 Advertiser, keine ≥90 Tage).",Candidate · Mittel (Evora-spezifisch),Evora-Control-Bestandteil.
H7 · Neugier-„weird/odd oil“-Headline,Hook,"„The “Weird Oil” In Our 5-Star Airbnb“, „The 'Odd' Oil in Our Cruise Cabins“.",https://www.facebook.com/ads/library/?id=1544710363874243 (Ledger); https://www.facebook.com/ads/library/?id=1467338712082607 (Ledger); https://www.facebook.com/ads/library/?id=1073489765350550 (Ledger),"Weird/odd/secret/strange-Headlines: 55 Anzeigen, davon 51 Evora (bis 78 Tage).",Einzel-Advertiser.,Candidate · Niedrig-mittel (Evora-spezifisch),Evora-spezifisch.
H8 · Pseudo-organische Frage ohne Link („anyone have a brand they actually love?“),Hook,"Text-only-Seeding, Begünstigter unbekannt.",https://www.facebook.com/ads/library/?id=25994710613513758 (Ledger); https://www.facebook.com/ads/library/?id=1908949839699218; https://www.facebook.com/ads/library/?id=4128483920749912; Competitor_Intelligence_Research.md §3,"Unbekannter Seeding-Cluster (Joanna Woodley u. a.): 11 crepey-Fragen, bis 308 Tage.",Begünstigter unbekannt; Authentizitäts- und Compliance-Risiko.,Candidate · Niedrig-mittel (Kandidat),"Nur als Sprachquelle nutzbar, nicht als Taktik."
S1 · Testimonial-Transformation (PAS): alles probiert → Experten-Tipp → Skepsis („greasy?“) → Wochen → wieder ärmellos,Story-Struktur,Erzählbogen in Ich-Form; P.S./Familienpointe optional.,https://www.facebook.com/ads/library/?id=4109833019265205 (Ledger); https://www.facebook.com/ads/library/?id=2116539015744078; https://www.facebook.com/ads/library/?id=4092537667704644 (Ledger); https://www.facebook.com/ads/library/?id=2475651179440524 (Ledger); https://www.facebook.com/ads/library/?id=1720931215870603 (Ledger); Psychografie-Bericht: Erfolgsbericht „it's been a little over three months ... I can finally see a difference“,"Goda 29 IDs / 4 Seiten, ~16 Monate Konzeptspanne, Einzel-ID 314 Tage; MiamiMD/Feline geteilter Opener „For YEARS I was frustrated…“ 11 IDs / 2 Seiten; Frøya „this story is WILD“ 586 Tage; theskinmag neu.",Kundinnen: „feels better but doesn't look different“ – Ergebnisversprechen ist der skeptischste Teil.,Validated · Hoch,CONTROL-Struktur (CT3).
S2 · Kurzes Direct Response: Call-out → Reason-why → benannte Inhaltsstoffe/Bullets → Garantie/Angebot,Story-Struktur,"400–1.500 Zeichen, Checkmark-Bullets, Garantie in Headline/Link-Description.",https://www.facebook.com/ads/library/?id=1570129684499222 (Ledger); https://www.facebook.com/ads/library/?id=1564770261945264 (Ledger); https://www.facebook.com/ads/library/?id=1811884486444866 (Ledger); https://www.facebook.com/ads/library/?id=2310106993153092 (Ledger); https://www.facebook.com/ads/library/?id=980035185081066 (Ledger); swipe_ledger.csv story_structure-Feld,"≥5 Cluster mit ≥60 Tagen (Evora 77, MiamiMD 107, NØRD 81–117, VitaeCharm 108, DRMTLGY 185).",Kein Performance-Signal; Format generisch.,Validated · Hoch,CONTROL-Struktur.
S3 · Luxus-Insider-Long-form: Geständnis → „Let me rewind“ → Alter/Job → Luxusinventar mit $ → die eine Amber-Flasche → andere bemerken → Mechanismus → Angebot,Story-Struktur,8.000–10.000 Zeichen auf Persona-Seiten.,"https://www.facebook.com/ads/library/?id=1021976634228403 (Ledger); https://www.facebook.com/ads/library/?id=2329433507867811 (Ledger); https://www.facebook.com/ads/library/?id=1467338712082607 (Ledger); https://www.facebook.com/ads/library/?id=882082784513664 (Ledger); Competitor_Intelligence_Research.md §1.2, §4","„Let me rewind/back up/tell you the story“ 63 IDs (nur Evora, 2 Seiten); Long-form >1.500 Zeichen: Evora 85 IDs; ≥25 Headlines.",V1 verfehlt (1 Advertiser); Einzelstories rotieren schnell; keine Kundenevidenz für Luxusmotiv.,Candidate · Mittel (Evora-Control),EVORA-CONTROL.
"S4 · Lebensereignis-Erzählung (Witwe/World Cup, Hochzeit der Tochter, Solo-Reise)",Story-Struktur,"Emotionale Lebensgeschichte, Haut als Teil des Zurückgewinnens.",https://www.facebook.com/ads/library/?id=1540482734095150 (Ledger); https://www.facebook.com/ads/library/?id=3248333788670167 (Ledger); https://www.facebook.com/ads/library/?id=1078737738359846 (Ledger); https://www.facebook.com/ads/library/?id=1076775008447146; Psychografie-Bericht: Anlass/Hochzeit niedrig belegt (1 expliziter Fall),"Evora (82 Tage), Besque-Persona (1 Tag), theskinmag (7 Tage).",V2 verfehlt (nur 1 Cluster ≥60 Tage); Kundenevidenz niedrig.,Candidate · Niedrig-mittel (Kandidat),Kandidat.
S5 · Advertorial-Listicle-Lander („7 Reasons Women Are Switching…“),Story-Struktur,Listicle als Zwischenseite vor PDP.,https://www.facebook.com/ads/library/?id=1592473439201348 (Ledger); raw/landing/nord_7reasons.txt; raw/landing/vitaecharm_10reasons.txt; raw/landing/evora_listicle8.txt,"Lander bei ≥3 Marken (NØRD, VitaeCharm, Evora; laut Bericht auch TurmSkin).",Laufzeit der verlinkenden Anzeigen nicht je Lander gemessen (Evora: nur 3 Ads → listicle8).,Candidate · Mittel (Kandidat),Kandidat; Landing-Evidenz ohne Persistenzmessung.
C1 · Native Persona-Seiten tragen die Long-form-/Testimonial-Ads,Creative pattern,"Blog-/Community-artige Seiten („Over 40 & Fabulous“, „Anne's Skincare Blog“, „Natalie Brooks“) statt Markenseite.",https://www.facebook.com/ads/library/?id=4109833019265205 (Ledger); https://www.facebook.com/ads/library/?id=2475651179440524 (Ledger); https://www.facebook.com/ads/library/?id=866991852497319 (Ledger); https://www.facebook.com/ads/library/?id=2521217498380442 (Ledger); https://www.facebook.com/ads/library/?id=1959706931378835 (Ledger); https://www.facebook.com/ads/library/?id=1609139254186765 (Ledger); Competitor_Intelligence_Research.md §1.1,"6 Cluster nutzen Persona-Seiten (Evora 5+1, Goda 3, NØRD 1, Besque 1, DRMTLGY 2, Frøya 1), dazu Remedy über einen Derm-Creator. Persistenz: Goda-Persona 314 Tage, Frøya-Persona 586 Tage, DRMTLGY-Persona 121 Tage. Over 40 & Fabulous: 8.854 Library-Ads.","Authentizitäts-/Compliance-Risiko; Kundinnen-Wut über Marketing, das Unsicherheiten verkauft (Psychografie-Bericht).",Validated · Hoch,CONTROL der Distribution (CT6). Persona-Seiten zählen nicht als unabhängige Advertiser.
C2 · Textlastige Long-form-Bildanzeigen (>1.500 Zeichen),Creative pattern,"Advertorial direkt im Feed, Bild nativ/ohne Produkt.",https://www.facebook.com/ads/library/?id=4109833019265205 (Ledger); https://www.facebook.com/ads/library/?id=1205891440980813; https://www.facebook.com/ads/library/?id=2111757916426469; https://www.facebook.com/ads/library/?id=1021976634228403 (Ledger),"143 Anzeigen / 9 Cluster; ≥60 Tage bei 5 (Goda 314, Frøya 589, Evora 89, Besque 88, VitaeCharm 84).",Video-Inhalte nicht transkribiert → Textzählung untererfasst Video-Muster.,Validated · Mittel-hoch,Control-Format.
C3 · DCO/Katalog mit einem fixen Hook über viele IDs,Creative pattern,"Ein Hook, viele dynamische Karten.",https://www.facebook.com/ads/library/?id=980035185081066 (Ledger); https://www.facebook.com/ads/library/?id=986622734003880 (Ledger); https://www.facebook.com/ads/library/?id=1085399840700489 (Ledger),104 DCO-Anzeigen / 11 Cluster; ≥60 Tage bei 7 (DRMTLGY 53 IDs bis 185 Tage; Goda 12 bis 142; Frøya 285).,"Nur erste Karte analysiert; Format, keine Botschaft.",Validated · Mittel,Format-Control.
"C4 · Story-Video-Shell: eine Caption, viele 9:16-Videos (AI-Szenen / Green-Screen-Erzählerin)",Creative pattern,„Here’s What Actually Works…“ als Testing-Wrapper.,https://www.facebook.com/ads/library/?id=1076748835007888 (Ledger); https://www.facebook.com/ads/library/?id=1954753225212676 (Ledger); https://www.facebook.com/ads/library/?id=1140179468691458 (Ledger); thumbs/sheet1-3.jpg (laut Bericht 40 Thumbnails gesichtet),"Evora 41 IDs / 3 Seiten, collation-Summe 91 (höchste), 39 live; Start ab 2026-08-22.","V1/V2 verfehlt (1 Advertiser, max. 42 Tage).",Candidate · Mittel (Kandidat),CHALLENGER-Format (Evora-Skalierungsvehikel).
C5 · Vorher/Nachher-Split bzw. Arm-neben-Arm,Creative pattern,„BEFORE GODA / 2 WEEKS ON GODA“; „Her arm. My arm.“,"https://www.facebook.com/ads/library/?id=4109833019265205 (Ledger); https://www.facebook.com/ads/library/?id=1720931215870603 (Ledger); thumbs/ (40 gesichtet, laut Bericht); Psychografie-Bericht: keine direkte Evidenz zu Vorher/Nachher",Nur aus 40 gesichteten Thumbnails; Goda (Langläufer) und theskinmag (neu).,Evidenzbasis zu klein; Aggregatoren kritisieren untypische Vorher/Nachher (Crépe Erase).,Candidate · Niedrig-mittel (Kandidat),Kandidat.
"C6 · Klinische Prozent-Karte („93% saw…“, „94% saw firmer skin in 4 weeks“)",Creative pattern,Stat-Card als Headline/Visual.,https://www.facebook.com/ads/library/?id=1994209947876803 (Ledger); https://www.facebook.com/ads/library/?id=4479159772361966 (Ledger); Marktbewusstsein-Bericht: Claim-Eskalation (Gold Bond 82 % in 2 Tagen),"7 Anzeigen / 3 Cluster (Saeskyn 263 Tage, Remedy 94 Tage).",V3 verfehlt (Volumen <10); Kunden misstrauen Prozentclaims („I don't see one tiny bit of improvement“).,Candidate · Niedrig-mittel (Kandidat),Kandidat; ohne eigene Studie nicht verfügbar.
O1 · Lange Geld-zurück-Garantie (60–90 Tage) als Headline/Link-Description,Offer pattern,"„Try Evora risk-free for 90 days“, „Money Back Guarantee“ (NØRD), „TRY IT RISK-FREE“.",https://www.facebook.com/ads/library/?id=1361129475914444 (Ledger); https://www.facebook.com/ads/library/?id=1637558804018844 (Ledger); https://www.facebook.com/ads/library/?id=1564770261945264 (Ledger); https://www.facebook.com/ads/library/?id=4479159772361966 (Ledger); https://www.facebook.com/ads/library/?id=2202226780628780 (Ledger); Landing: 90 Tage Evora/VitaeCharm/skinglow; 60 Tage NØRD/DRMTLGY/Feline/Frøya/Saeskyn/Emily Carter; 30 Tage Goda/OSEA; 180 Tage theskinmag; Marktbewusstsein-Bericht: FALUNARA 30 Tage = unter DTC-Standard,Garantie-Sprache in 324 Anzeigen / 9 Clustern; 8 Cluster mit ≥60 und ≥90 Tagen. NØRD-Headline „Money Back Guarantee“ 56 IDs; Evora „Try Evora risk-free“ 18 IDs / 3 Seiten / 108 Tage.,"Keine direkte Kundenevidenz, dass Garantien Vertrauen schaffen (Psychografie-Bericht); Evora-Garantie schließt Versand aus.",Validated · Hoch,CONTROL (CT5).
"O2 · %-Rabatt mit Deadline („50% off until midnight tonight“, „Sale Ends Today“)",Offer pattern,Rabatt + harte Frist.,https://www.facebook.com/ads/library/?id=1361129475914444 (Ledger); https://www.facebook.com/ads/library/?id=1998108007419317; https://www.facebook.com/ads/library/?id=25907197515627905; https://www.facebook.com/ads/library/?id=3912945868841510 (Ledger),%-off 108 Anzeigen / 9 Cluster (≥60 Tage: 7); Deadline 79 / 5 Cluster (alle 5 mit ≥60 Tagen; TurmSkin „LAST CHANCE“ 21 IDs bis 276 Tage; Saeskyn 215 Tage).,Evora-Reviews: Preisdiskrepanzen („ad said $28 a bottle ... lowest price was 34“).,Validated · Hoch,CONTROL (CT5).
O3 · Mengenrabatt / Buy 2 Get 1 (BOGO-Stacks),Offer pattern,"„Buy 2 Get 1 FREE NOW! 😍“, „Buy 1, Get 1 FREE Today ONLY!“.",https://www.facebook.com/ads/library/?id=1596418601837995 (Ledger); https://www.facebook.com/ads/library/?id=1588454419289318; https://www.facebook.com/ads/library/?id=25907197515627905; https://www.facebook.com/ads/library/?id=2310106993153092 (Ledger); Landing: Evora 1/2/3-Tiers $49/$39/$34,"22 Anzeigen / 5 Cluster; ≥60 Tage bei 4 (Saeskyn 215, VitaeCharm 108, MiamiMD 145, Goda 82).",Volumen moderat.,Validated · Mittel,Control-Bestandteil.
O4 · Knappheit/Live-Bestand („437 Orders in Last Hour — Almost gone“),Offer pattern,Stock-/Ausverkaufs-Bulletin.,https://www.facebook.com/ads/library/?id=854380807531360 (Ledger); https://www.facebook.com/ads/library/?id=2515907112242718 (Ledger); https://www.facebook.com/ads/library/?id=1998108007419317; https://www.facebook.com/ads/library/?id=3912945868841510 (Ledger),161 Anzeigen / 8 Cluster; ≥60 Tage bei 6 (Evora 116 – „437 Orders“ 44 IDs / 2 Seiten bis 79 Tage; TurmSkin 276; Besque 88; Frøya 203; Goda 138).,Evora-Kundinnen: „tricked into this by some manipulation in the ordering system“ (Wortlaut prüfen).,Validated · Mittel,"Control-Bestandteil (Prävalenz, nicht Wirkung)."
O5 · Abo vorausgewählt + „BUY ONCE - NO SAVINGS →“-Link + Bundle-Tiers,Offer pattern,"Identische PDP-UI bei Evora, Goda, VitaeCharm.","https://www.facebook.com/ads/library/?id=1361129475914444 (Ledger); https://www.facebook.com/ads/library/?id=986622734003880 (Ledger); https://www.facebook.com/ads/library/?id=2202226780628780 (Ledger); https://www.facebook.com/ads/library/?id=3912945868841510 (Ledger); raw/landing/evora_pdp.txt, goda_silk_body_oil.txt, vitaecharm_10reasons.txt; Marktbewusstsein-Bericht: Einwand #5 Abo-Misstrauen; Psychografie-Bericht: „I do not like that you put me on auto reship“",3 Marken mit identischer UI; verlinkende Ads bis 97–110 Tage; Besque Abo-Ad 7 IDs 88 Tage.,V4 verfehlt: Abo-/Billing-Beschwerden dominieren Negativbewertungen von Evora und Crépe Erase („They auto enrolled me in a subscription which I did not realize“).,Candidate · Mittel (kundenseitig widersprochen),"Werbe-Control, aber Kundenwiderstand → Gegenposition = Challenger CH2."
"O6 · Anlass-Sale-Wrapper (Labor Day, BFCM, New Year, „SENIOR SALE“)",Offer pattern,Saisonaler Rahmen um dasselbe Angebot.,https://www.facebook.com/ads/library/?id=933885069780904 (Ledger); https://www.facebook.com/ads/library/?id=1998108007419317; https://www.facebook.com/ads/library/?id=867230179084122 (Ledger),"48 Anzeigen / 4 Cluster; ≥60 Tage bei 3 (TurmSkin 276, Goda BFCM 193, Evora 71).",Kurzlebig per Definition.,Validated · Mittel,Control-Bestandteil.
"O7 · Social-Proof-Zahlen („500,000+ women“, „50,000+“, „#1 bestseller“)",Offer pattern,Kundenzahl/Bestseller-Claims.,https://www.facebook.com/ads/library/?id=3912945868841510 (Ledger); https://www.facebook.com/ads/library/?id=1361129475914444 (Ledger); https://www.facebook.com/ads/library/?id=953869451102368 (Ledger); https://www.facebook.com/ads/library/?id=2202226780628780 (Ledger); Psychografie-Bericht: YouGov 66 % Online-Reviews wichtig,"119 Anzeigen / 8 Cluster; ≥60 Tage bei 6 (TurmSkin 276, VitaeCharm 99, Besque 88, Evora 108, Frøya, Goda).","Evora-Zahlen widersprüchlich (1113/1560 Reviews, „50.000+“); Footer: Reviews teils vergütet (Marktbewusstsein-Bericht).",Validated · Mittel,Control-Bestandteil; FALUNARA hat laut Bericht keine Reviews.
O8 · Gratis-Geschenke / XL-Wertflasche,Offer pattern,„Order Now & Get 4 Free Gifts ($70 value)“; „2X Bigger & 35% Cheaper“; „Go Jumbo & Save 16%“.,https://www.facebook.com/ads/library/?id=2202226780628780 (Ledger); https://www.facebook.com/ads/library/?id=1069168172224970 (Ledger); https://www.facebook.com/ads/library/?id=1085399840700489 (Ledger),"Free gifts 15 IDs nur VitaeCharm (99 Tage); XL: Besque (81–88 Tage), OSEA (24 Tage).",V1 verfehlt.,Candidate · Niedrig-mittel (Kandidat),Kandidat.
CT1 · „Cremes versagen – Öl ist das richtige Format“ (A1 + B1 + M1),Control territory,Marktweit dominanter Öl-Angriff auf Cremes/Lotionen.,"https://www.facebook.com/ads/library/?id=4109833019265205 (Ledger); https://www.facebook.com/ads/library/?id=1570129684499222 (Ledger); https://www.facebook.com/ads/library/?id=2202226780628780 (Ledger); https://www.facebook.com/ads/library/?id=1549788703160319; https://www.facebook.com/ads/library/?id=1183652923933432 (Ledger); siehe A1, B1, M1","≥6 Cluster, Goda-Konzept ~16 Monate / 4 Seiten / 29 IDs, VitaeCharm 15 IDs 99 Tage, Evora 77–89 Tage, Besque 82–88 Tage; Lander von NØRD/VitaeCharm/Evora wiederholen „~80% water“.",Die Tiefenwirkungs-Hälfte (M2) ist bei Experten und informierten Kundinnen umstritten.,Validated · Hoch,CONTROL. Für FALUNARA besetzt durch Evora (Twin). Eintritt nur mit glaubwürdigerer Variante (Inhaltsstoffe unbekannt).
"CT2 · „Hör auf, deine Arme zu verstecken“ (D1 + H1)",Control territory,Vermeidungsverhalten als Hook und Desire.,https://www.facebook.com/ads/library/?id=1637558804018844 (Ledger); https://www.facebook.com/ads/library/?id=1611807499919232 (Ledger); https://www.facebook.com/ads/library/?id=1070866808556946 (Ledger); https://www.facebook.com/ads/library/?id=971890085912295 (Ledger); Psychografie-Bericht: Mass Desire #1,NØRD 56 IDs / 117 Tage; Goda 170–314 Tage; 9 Cluster; stärkste Kundenevidenz.,Sommer-Trigger kollidiert mit Öl-Schmierigkeit.,Validated · Hoch,CONTROL; höchste Kongruenz von Werbe- und Kundenevidenz.
CT3 · Zitiertes Testimonial mit Transformationsbogen (H2 + S1 + A3),Control territory,Goda-Michelle-D.-Konzept als Langläufer; MiamiMD/Feline-Varianten.,https://www.facebook.com/ads/library/?id=1214273246836667; https://www.facebook.com/ads/library/?id=4109833019265205 (Ledger); https://www.facebook.com/ads/library/?id=986622734003880 (Ledger); https://www.facebook.com/ads/library/?id=2116539015744078,Längste beobachtete Body-Oil-Konzeptspanne im Datensatz (2025-05-29 → live); 4 Seiten; Headlines rotieren.,Vergütete/unkenntliche Testimonials (Evora-Footer) und Abo-Misstrauen.,Validated · Hoch,CONTROL.
CT4 · Dermatologen-Autorität + Aktivstoff („face-grade for body“) (A4 + A6 + M4),Control territory,Retinol/Peptide/PDRN mit Arzt-Rahmung.,https://www.facebook.com/ads/library/?id=980035185081066 (Ledger); https://www.facebook.com/ads/library/?id=1637558804018844 (Ledger); https://www.facebook.com/ads/library/?id=1564770261945264 (Ledger); https://www.facebook.com/ads/library/?id=1994209947876803 (Ledger),DRMTLGY 50 IDs 185 Tage (Google seit 2023); NØRD 117 Tage; MiamiMD 107–147; Remedy 94.,"Reizung, Dosierungs-Intransparenz; FALUNARA-Inhaltsstoffe unbekannt.",Validated · Mittel-hoch,CONTROL im Aktivstoff-Segment; für FALUNARA derzeit nicht zugänglich.
"CT5 · Angebots-Stack: %-Rabatt + Deadline + 60–90-Tage-Garantie (+ Knappheit, Bundles)",Control territory,Standard-Angebotsarchitektur der DTC-Kategorie.,https://www.facebook.com/ads/library/?id=1361129475914444 (Ledger); https://www.facebook.com/ads/library/?id=854380807531360 (Ledger); https://www.facebook.com/ads/library/?id=1998108007419317; https://www.facebook.com/ads/library/?id=1637558804018844 (Ledger); Landing-Garantien siehe O1,Garantie 9 Cluster (8 mit ≥90 Tagen); Rabatt 9; Deadline 5; Knappheit 8.,Abo-Default (O5) kundenseitig widersprochen; Wirkung des Stacks nicht messbar.,Validated · Hoch (Prävalenz),CONTROL (Mindeststandard). FALUNARA-Garantie 30 Tage liegt laut Bericht darunter.
CT6 · Persona-Seiten-Distribution mit Long-form (C1 + C2),Control territory,Prospecting über native Seiten statt Markenseite.,https://www.facebook.com/ads/library/?id=4109833019265205 (Ledger); https://www.facebook.com/ads/library/?id=2475651179440524 (Ledger); https://www.facebook.com/ads/library/?id=1021976634228403 (Ledger); https://www.facebook.com/ads/library/?id=2521217498380442 (Ledger),6 Cluster; Persona-Langläufer 314/586 Tage; Evora Natalie Brooks 576 Library-Ads.,Authentizitäts-/Compliance-Risiko.,Validated · Mittel-hoch,"CONTROL der Distribution (Forschungsbefund, keine Empfehlung)."
"CT-E · Evora-spezifische Controls (nicht marktweit validiert): Luxus-Insider-Long-form, „437 Orders“, „Try Evora risk-free for 90 days“",Control territory,Hohe Replikation/Persistenz innerhalb eines Advertisers.,https://www.facebook.com/ads/library/?id=1021976634228403 (Ledger); https://www.facebook.com/ads/library/?id=854380807531360 (Ledger); https://www.facebook.com/ads/library/?id=1361129475914444 (Ledger); https://www.facebook.com/ads/library/?id=1076748835007888 (Ledger); Competitor_Intelligence_Research.md §3,„437 Orders“ 44 IDs / 2 Seiten bis 79 Tage; „Try Evora risk-free“ 18 IDs / 3 Seiten / 108 Tage; Story-Shell 41 IDs.,V1 verfehlt; Evora ist direkter Twin – Nachahmung = Austauschbarkeit.,Candidate · Mittel (Einzel-Advertiser),Evora-Control; für FALUNARA Abgrenzungsbedarf.
CH1 · Post-GLP-1-/Gewichtsverlust-Haut,Challenger territory,Eigener Auslöser mit wachsender Nutzung; Evora 0 Ads.,https://www.facebook.com/ads/library/?id=1048726737582951 (Ledger); https://www.facebook.com/ads/library/?id=2310106993153092 (Ledger); https://www.facebook.com/ads/library/?id=1609139254186765 (Ledger); https://www.facebook.com/ads/library/?id=28191372747167970 (Ledger); Psychografie-Bericht: Trigger Gewichtsabnahme (4 Stimmen),"3 Cluster, VitaeCharm 110 Tage, Besque-Persona seit 2026-09, Beekman seit 2026-08; NØRD-Lander „Down 38 Pounds…“.",Kundenevidenz dünn; Claim-Risiko („reverses the effects“).,Candidate · Mittel,CHALLENGER: offene Flanke gegenüber Evora.
CH2 · Transparenter Einmalkauf ohne Abo-Druck,Challenger territory,Gegenposition zum Abo-Default.,"https://www.facebook.com/ads/library/?id=2455348678278754 (Ledger); raw/landing/nord_down_in_weight.txt: „No subscription · No auto-ship, ever“; Marktbewusstsein-Bericht: Einwand #5; Psychografie-Bericht: Kaufkriterium #5","Werbeseitig nur 1 Anzeige (NØRD, 49 Tage) + 1 Lander; kundenseitig hoch belegt (Evora/Crépe-Erase-Beschwerden).",Ungetestete Hypothese (Marktbewusstsein-Bericht); Abo ist bei Wettbewerbern weiter Standard.,"Candidate · Mittel (kundenseitig stark, werbeseitig schwach)","CHALLENGER: kundengedeckt, werblich kaum besetzt."
"CH3 · Sensorik/Ritual als Lead (feuchte Haut nach der Dusche, zieht ein, Komfort/Juckreiz)",Challenger territory,"Was Kundinnen einem Öl glauben (Komfort, Weichheit, Anwendung), als Hauptbotschaft statt Nebenzeile.",https://www.facebook.com/ads/library/?id=884215667540987; https://www.facebook.com/ads/library/?id=1361129475914444 (Ledger); https://www.facebook.com/ads/library/?id=1175006387786014 (Ledger); Psychografie-Bericht: Kaufkriterium #1; „meteor of knowledge“; Marktbewusstsein-Bericht: Segment „Overnight Dry-Out“; FALUNARA-Website „made for the minute after the shower“,"Werbeseitig nur Neben-Claim (M3: 108 Ads, Evora-lastig; „itch“ 7 Ads / 2 Cluster; Beauty From Bees „tight, flaky, or itchy“ 257 Tage).",„Non-greasy“ ist table stakes; Ritual allein beantwortet „$49 statt $10“ nicht (Marktbewusstsein-Bericht).,Candidate · Mittel,CHALLENGER: höchste Kundenglaubwürdigkeit für Öl; Differenzierung offen.
CH4 · Drittanbieter-Vergleiche/Rankings,Challenger territory,Siehe A10.,https://www.facebook.com/ads/library/?id=971890085912295 (Ledger); https://www.facebook.com/ads/library/?id=1592473439201348 (Ledger); raw/landing/skinglow_top5.txt,Evora/HealthyClub 8 IDs live seit 2026-08-22; Emily Carter 9 IDs seit 2026-08-18.,<60 Tage; Glaubwürdigkeitsrisiko.,Candidate · Mittel,"CHALLENGER (bereits von Evora für sich genutzt: Evora A+, Goda C, Besque D+)."
CH5 · Ehrliche Erwartungen / „Pflege statt Anti-Aging-Kampf“,Challenger territory,"Moderate Ergebnisrahmung („not my 30s, but not crepey anymore“).",https://www.facebook.com/ads/library/?id=1081340037726086; Psychografie-Bericht: Mass Desire #5 (Tonbedingung); AARP; Marktbewusstsein-Bericht: Realistinnen „I don't expect miracles“,"Werbeseitig praktisch leer: 3 Anzeigen / 2 Cluster, keine ≥60 Tage (Absenz-Signal).",Absenz ≠ Performance; Stufe-4-Markt belohnt laute Claims evtl. kurzfristig.,Candidate · Niedrig-mittel,CHALLENGER (Lückenhypothese).
CH6 · Explizite Menopause-Rahmung im Short-form,Challenger territory,Menopause außerhalb Evora-Long-form kaum genutzt.,https://www.facebook.com/ads/library/?id=2455348678278754 (Ledger); https://www.facebook.com/ads/library/?id=1183652923933432 (Ledger); Psychografie-Bericht: r/Menopause-Evidenz stark,Nicht-Evora: 11 Anzeigen; NØRD-Menopause-Ad 49 Tage.,Stichproben-Bias; nicht alle Kernkundinnen rahmen hormonell.,Candidate · Niedrig-mittel,CHALLENGER (Absenz-Signal).
"CH7 · Fragilität: dünne Haut, Blutergüsse",Challenger territory,„Your skin bruises from a shopping bag handle…“,"https://www.facebook.com/ads/library/?id=880796694467063 (Ledger); https://www.facebook.com/ads/library/?id=2577024936146615; Marktbewusstsein-Bericht: Sprachcluster „thin, bruises easily“","8 Anzeigen / 3 Cluster (VitaeCharm 99 Tage, Besque 82 Tage).",Volumen <10; medizinische Claim-Nähe.,Candidate · Niedrig-mittel,CHALLENGER (Nische).
CH8 · Spanischsprachige US-Varianten,Challenger territory,Geklonte Evora-Konzepte auf Spanisch.,https://www.facebook.com/ads/library/?id=1597949738502392 (Ledger); https://www.facebook.com/ads/library/?id=1363837298864640 (Ledger); https://www.facebook.com/ads/library/?id=1128834092622802 (Ledger); Psychografie-Bericht: keine Evidenz zu Hispanic-Kundinnen,11 Anzeigen / 2 Cluster (Evora ab 2026-09-13; Saeskyn 221 Tage).,Keine Kundenevidenz.,Candidate · Niedrig,"CHALLENGER (beobachtet, unvalidiert)."
